key,source_sha256,translation_vi
NET_CHANGE,E2224C0CAE569F68A4702683D6AA845E07DCE60676A08F06DDC2F199C9853FE1,
TRADE_QUALITY_LABEL,1D49FEC3A8FFD1838A1071D368C80DC019F2A6A4570B0CA596C401982BEBCD6B,
DOCKS_IMPROVEMENT_9_DES,AAB52D40B07704C0DD72CF793D33704B0A8FF2E3FCC92C3AAB4945E08D08F773,
ALCHEMIST_IMPROVEMENT_7_DES,2F31CFAD35B058882E248F68690A04FEA11F97D25A7D9B936A44103681BA8027,
BU_TOWN_SQUARE_5_NAME,EA16D898CA69C750A8813F599824E67B306FF02A67D89F35FECAD56ADDFCD638,
STONE_IMPROVEMENT_4_DES,AB6BFAFB77193AD54D4C0D05B1E6B09EA57089762C3EC7AE54A307B264C31721,
BU_ROAD_5_REWARD,6BE061C9CA39C7795EA2E292B1CF775D237AEEE9A3E8B801839D45E5ED4A96F9,
FARM_SKILLED_LABOUR_1_NAME,F0DC487687CDA66AA50C27DEDCC6A5C22650F9E6E9F93C5C7AAA8D9FEFCA2FC3,
CHURCH_IMPROVEMENT_13_NAME,893F6E72C7299A1ACD3DED4D01FA4D109F28DC8FBF147D14212E2042702C0E30,
MAGIC_IMPROVEMENT_8_DES,E7365E9204BB8CA0A30EFADE629DC180D0D25BC4A68A8BAF5B4F0572A8E22F05,
ITEM_MAGIC_ENCHANT_ARMOUR_I_DESCRIPTION,5B8EB78A688F0ADCD60AB410BA834928D42124975A4DCB5D51DB371A85490DEC,
OPTIONS_MENU_UI,2042B39A60A69DB107CD9FFC16468CB40D75DDC009379CFCF3F90AD5599DCB30,Cài đặt giao diện
BU_TAVERN_5_DES,72C351291AC0F90D0B8A11CC281B8CB277E4119971F6164BFB5AF746CE28CAD1,
GUARDS_IMPROVEMENT_10_NAME,C85CA62FC40A381E0F9CE987D207717EE580E4A6A42CCB3101326912D1D591C8,
BU_IRON_MINE_1_DES,B9DB2482251770F61AF3197FC9DD762608ECAC611CB1FDB496726771C87F5996,
BU_LEATHER_2_DES,F946D079D9B4D65CC6ECD7189E14D326A35C9ADABB9896E1CB3B3296733D68EC,
BU_HOUSES_6_NAME,2F284929607605F28B29E9BD044AEF4F14341088BDAE78AEDCFF2F76C4CA24DF,
GOLD_SKILLED_LABOUR_1_DES,0640DFB821DAA68333BE2D4A65DC648BCB2FE3760A97C2295E3942FB3A899A7F,
DOCKS_IMPROVEMENT_6_DES,4601594A744D0C2F22A47343D3155957FDF3D927296B20D6874761CF3D05DEFC,
BU_MAGIC_3_DES,A43D5135D5F978926F033D705BEDA6C5EC0ED6468ADD5DD7F4D3C5ED72FFEB63,
BU_TOWN_GUARDS_2_REWARD,B83A4DCBE7D5EE4BA2137273BCFB6D1FD2193B5CA4E4CE7099F2DE3A1569CC01,
FANGMIRE,17DDCF1FFFC3C09B0A12C12EB01A5D39F38FE7349E9B225AB5D26415DE5315CE,
POLICY_FOREIGN_TAX_IV_DESCRIPTION,AE30D35C1E87BAE1736721B6344FC4705CAF6E0071E6FC3845DECAAEFB6174DD,
BU_ROAD_3_DES,CCF804183CB9FA8B8EF59EFC5B58CA55396463DD56A5283C421A58F7A987E7DC,
CARPENTER_IMPROVEMENT_6_DES,0E6F9078FCA721558FBA54ED7A4DC2DDB1522A36320A55F69C91D8D2CFED0496,
BU_NORTHERN_WALL_2_DES,8BF0C0EAE5606C5F691D672FA20F7A0C83838164B67C2F9DBCD9CFE984B0D159,
MILITARY_STRENGTH_PER_SOLDIER,70229C5B5AEFF52F765600CC4F15EDA96F0621820A3D8DC413D314B2B4A267BC,
BU_GOLD_MINE_3_NAME,12AECF86C3764B0B84955E76E67BD9263FD224DE2F7A3EF9218F7DFD92C6FFCC,
CARAVAN,954F97238B5AFD7A2EF523891D4E294E24048464D4D086DB19BE44B9A5BDA759,
SKELETON_WARRIOR_NAME,D38C1710D7A5C46401F4782FD0BA6AE7D906CECD69F5FFF738C798BB8921B650,
EYE_NAME_PLURAL,5F9EB6A7AE53885A87EB2D327C08A8A453CDBACC8FB0FA35F1B323870EB22D8D,
MILITARY_RECRUIT_TITLE,20423D6FBD32249DE395CFECAE00544E55C5A369A17C5D1D60C7AE5DEF9EA82A,
BU_TOWN_GUARDS_5_NAME,58E4CEE00D37B6538C2BB9B246E0C72A53BE3A248CA9C81D8D2E77D8DD357FA4,
BU_CARPENTER_4_DES,168B0A2F7847469B3D2AF2A75DFEC30F0878B7830E42A1F4DCB1DB90D26D9403,
BU_NORTHERN_WALL_4_REWARD,241FC2ED3653AA0F9D6893985D0E12481AAE9AECE8866CE08A24B58C5295956B,
SHOP_ITEM_BUY,64E3CB0E4960BA69298843D481376D1CE7B92CD43CF70E61A982DA651C0335F3,
LEATHER_IMPROVEMENT_12_DES,A0DD89E16A6A7EA0191394291A59A05CB5E72EDCDC4DBAC3250BB629C6BC4487,
BU_KEEP_1_REWARD,1443FE1163CD5A1E815E519AC43EEFC47BE7A341FB614B1889D893387BB53E70,
EDUCATION,512AB3C6B9869577BD4474C56B88F9E3F1C40C54D18E8E5A2329821254D362D2,
TRADE_METHOD,368ED30848C75C9E185C16E280035D595A3ADB3B292D23C5D3136241F1496B88,
ENEMY_CATEGORY_HUMAN,9FFA865F2BC6E850157BB454EF3E00FA789E3F8CC631552941A99BA3FCDDDE51,
CHURCH_IMPROVEMENT_2_NAME,CDCC9C07F80ABD4B84CCACAFCB2DE3947B82E7B0B4AA0352F78E59A920665525,
PLANT_NAME_PLURAL,0FCD5571CFAF582257A73A203C36E7F92E911616E7E5C571BE8BD90DDF862E3F,
ITEM_ALCHEMIST_TIMBER_GROWTH_POTION_DESCRIPTION,223D3E7AF1624EA6C2A71E1231B0CD341D86D0FE1029D6376D9BA03C03A51DB2,
QUEST_LOG_INVALID_QUEST,E3302428D4B2885E24B2B1078BFB4B22655ECF18BAECC92508FA5F2550542754,
GUARDS_IMPROVEMENT_13_DES,FA1F8D8B6EC3014406EF0031D52854D1D4C740C5AC3D7AC0B9DF56E349D0234A,
FISHING_SKILLED_LABOUR_1_DES,532712FF3EC5603C6F381EF1E309082CBBF7D88ABC6D8F440B3439BC05F4DD40,
CARPENTER_IMPROVEMENT_3_DES,0E1F80AD8DA5DD14054F1D4FE38A3559DC2B71DDE7600F667DD6F5CF1313006B,
WISHLIST,3F327E19F403247CF8EB24CE058298BD9803EF2D4832F11866A113171B40806C,
GUARDS_IMPROVEMENT_5_NAME,BA8CB9ABDCD047CFB2E47D47D0DEF3054F22A6C2B0EE685530418FFAC9A750C6,
STONE_IMPROVEMENT_5_NAME,333BCADB4D878BF487A8322626364D078FBF912B3C6CD68308DBC67FB67F464B,
TRADE_SEND_EXPEDITION,20432850E180AAC54DE93A746144002F54F3C6093519CA67BF207CE79B3E3E02,
BU_NORTHERN_WALL_3_NAME,AEF5476C826FDA1480D29CB58966CF2C2600E4C87F0036A584A00DD923188ECB,
MARKET_IMPROVEMENT_10_DES,5C5F1C3DE1CCF2A37543A202A1850094018A2B1F2526DB18F8EB8E75F9B03643,
ACH_COMPLETE_STEADY_DES,41B4C5A5F98AA0D59713B9DFD93751FF7C1B08B5DA72DEB42BA0AABCF70C1FB4,
SEPHIRAH,513BB47DCDCF895E9201A993AC31954CCC4010206A89A4C1EAE183AC0E1A136D,
BU_CLIFF_1_NAME,8C21C2189A93657F34B1CD532D3D7B46A47643D1FA60855440C2D3F8D06A2F56,
BU_TOWN_SQUARE_1_REWARD,2237D86870B7A3DE3D5D37E956D7E7B6822AE14A2C499C8F15CE7313A4B298B7,
BLACKSMITH_IMPROVEMENT_16_NAME,9D59F798F020A06FBC6C51D3023C420B80083C67F84A056BAFB861019BB9590F,
BUILD_MENU_UPGRADE,7EC0261B8E8AA3E0B1AFFDE5F18CA1930AE73D81A5303D667AAE9FFD2803CBC7,
HUNTING_SKILLED_LABOUR_1_DES,067844E297D6DC619E8078B76C7A3AB907680C514F66FC3EA486BA24503302F7,
QUARRY_SKILLED_LABOUR_1_DES,57B66CFE0031CEED21CAA9D97ECFF2EDA6859FB42823884DCA00A2470F8E2002,
BI_SHOP,D00AAE6B7FBF77A4566D8DF36805D7AE973894DA9F533EC96516B31E028B71EB,
DOCKS_IMPROVEMENT_1_DES,40B3F11D92853153231C24258309CF34ABF42C4AAC93ED211ABBDC3CE14AD837,
CARPENTER_IMPROVEMENT_9_NAME,42D1BE96B217C1A801C80B7E27EEB3855F209E353FFB8F90CD29CD02706D5EFC,
UPG_BOOK_LOCKED,A424E33D90931D1ED22F2AF37A3F3491A5C9DE0DFAE079F6F3FF4EDF0309E07F,
DOCKS_IMPROVEMENT_4_DES,F2A6E26E993282C7AFEB011728631AF7914ACB074C13AEB1CEF4F324EDA45782,
FARM_IMPROVEMENT_1_NAME,7BBBBA17D6BD808610DCB3334E41F783B705DA42A418D0D7DA535EFE45302FF6,
POLICY_FOREIGN_TAX_II_NAME,38D39CE26EB3E6A48D2E9C9441C99CFCD3E7A807B1C1841B2A9BC8974D712986,
BLACKSMITH_IMPROVEMENT_18_DES,B7ADD04C5AF9B11605A47F993B9FCAA23CF732D19BD43E60565212BFF291F19D,
CARPENTER_IMPROVEMENT_1_NAME,7CD33ABCF6D00BF23D6CF2E336CA8217B44A80A80D16AE877A4E76593207504E,
FISHING_IMPROVEMENT_2_DES,28988305DFAE77131DC65CA786CE729F2921978C42C9022491ECF982BB22B484,
BAT_NAME,6E05BEE3D93AC6279921EA7B3825FCF043E335E9DFDF855D14F5CEE9A1221414,
CARPENTER_IMPROVEMENT_2_NAME,3E234AC6411457BBC578F7A9977984DF321291335A7778ED5E25FEC21D1B7C6B,
LANGUAGE_RESTART,5C61A51416A3661E90FB96EE7464EA827FC054221745FA3E5FD1704C69A8BA33,Hãy thoát và mở lại game để áp dụng đầy đủ thay đổi ngôn ngữ.
QUEST_OBJECTIVE9,98502C620156F529D0E5BD6BEFC6E3E41587F47697295C300A29B6F4F4A1969A,
Per Worker,E09DD6728339284E2A9616A6DAF66D95D396DBA83E5DA20F694C8812523BE86F,
QUEST_OBJECTIVE8,97C6974A49EE24012802E9F9898B603242CE2E7A13D06B03FA02F11812CFAF8D,
CHURCH_IMPROVEMENT_5_NAME,C3663E2BEB29941F5047E36C6E825BF3E1BC6346016A7CB267655F9B37E6DF31,
GOLD_IMPROVEMENT_8_NAME,E5FC94FB0C540271C0604EADF51042661241579AE2C6D5EACC711CC52A376ACC,
QUEST_OBJECTIVE5,3BD0D2551D8C67B9BD6919C54D1CCD2CFB6967D0D33A5AE2BA6831CA876F6991,
BLUEPRINT_TOOLTIP_MASTER,0B42F7F3AC39F306DF357EA0F852191449FFC9ED02C5C44BC2F11A35711FD9B2,
GROWTH_SMALL,5263293FC202649BDC8135573AC9CD3B0BCEA4355E0D8F0A59F1DDEEA8EEFC15,
QUEST_OBJECTIVE4,2E2838812F149D24E58CD75746FACDEF114F87EB3236AA250B31CC9FD16F32AB,
IRON_IMPROVEMENT_2_NAME,FEB9CEA47D14630AB1D36AE1B541B11AD981EA0811F8FA1BE12C332A9CA8292A,
QUEST_OBJECTIVE7,24875FD034B049017CDFFABD1BE29B630CB2F34B1BD394910BC0F23519428A95,
BUILD_MENU_REQS,E0CDD07F6A270B8269217510822DAA4ACE573309134278F75F5E16ED59A3583B,
QUEST_OBJECTIVE6,86E1B44DD6983A17778A87F01629E4C31CE1AB8A7D1BB4199F88F6BC7D84ED96,
LEATHER_IMPROVEMENT_13_NAME,DF8D73A82794CA10703259549AE937411F933EEC925B3FA0AFD0F417E8604145,
BU_LIBRARY_1_REWARD,A6A86BCECCD46C1CCF996AAFA0E870529658F2CEBAF4369B23DDD03B3C0EB9B0,
END_VICTORY_COUNT,26342B97C006473961DEA86F66825DAAD5D4A8F9BD93D9DCB0EFEFBD1B6DE602,
MAGE_IMPROVEMENT_19_NAME,D64F76874E486A0952501A614534B3B77924E4FC0224B33AC03E0ECB722C6272,
POLICY_RECRUIT_IMMIGRANT_WORKERS_II_DESCRIPTION,35E8E11597EE3F6AFF1E6D7C654DD9F0A775E685FDDAC6D8D3F647DD0CFC1958,
GUARDS_IMPROVEMENT_6_NAME,498033F7383923743ECADDA3D53CB67D942B95A1DF2FB028BE7A40E3D3315CBA,
QUEST_OBJECTIVE3,160824646AA1BF7A0BA07F647682D3C797BB19F98478EDC2343AF67A571A2324,
PLAGUE_RAT_NAME,879D5FC36F530B1F2F6F571FF0FD8DD306E9EE870FC5229716EE92931BF0C48A,
QUEST_OBJECTIVE2,8C6EBF31275A7EB2A89738236F0BF9D7993791460CE9CF3F098944FE8D71EEC6,
QUEST_OBJECTIVE1A,ED44310081001EADFAA95FF221FF350F4C20A3739D16FAE8005804DFE452A0A9,
BU_CARPENTER_3_NAME,3A6B72A407E7C5759AB5CD2F8CB647A70B6FD616AE9C900F2268ED3C7763BD8A,
FARM_SKILLED_LABOUR_2_NAME,53D6CDB0FED1C70E482F041F0358D68F3D6B6073E1D59665298EB2CCA0065E83,
QUEST_OBJECTIVE1B,ED44310081001EADFAA95FF221FF350F4C20A3739D16FAE8005804DFE452A0A9,
FARM_IMPROVEMENT_9_DES,3E10DF160CEC94EE3154054C6FCE3614D4317B6A1799C2A4AD01A645C16D2A71,
BU_ALCHEMIST_5_NAME,FA0C2B0182195921C7174A2A659A8C2D4FDB18D1A4886334F430D94047B20DE6,
GOLD_IMPROVEMENT_11_NAME,E8DDDA83C81F0B1CF921FBFBA2DB2B607EE8DDAB9416ABDDC580BD795935882A,
BU_LEATHER_1_DES,68867F944C8E615210D86B33D58F216CA4B4F8B52A968FAEFD23B47A47317A25,
QUEST_OBJECTIVE14,08727E85F916CACB158D571DEC9DFE7C1370482ECAC563CA76534B35348697C5,
QUEST_OBJECTIVE15,4FA7A7A9E8E9C3A7AD34350321DEF55A9B556F68DB01BE9D99FAF0AEFA41363E,
QUEST_OBJECTIVE16,E6261E5F847558F86AA7BB234FB15849FF6F85615E03D6CBA8E859053FAF7F1A,
BU_NORTHERN_WALL_4_NAME,97EE2B26127A5F611E902AFB2CB9EF426B512BADBD57F191C0C9A4ED57F8A63D,
QUEST_OBJECTIVE17,08727E85F916CACB158D571DEC9DFE7C1370482ECAC563CA76534B35348697C5,
MAGE_IMPROVEMENT_11_DES,E4FE069D711294EF372263430768DB39D14DD6025085F06EFCA2E6FB7A353CD1,
QUEST_OBJECTIVE11,411F60EF8C2F73A8DE0981D8AA159364283532F294539D20032A2EE0DAE35983,
QUEST_OBJECTIVE12,6703B471435E34B8AC6E8C494C913BBC23E1240DFD4CD5918D7E8D064300DCD8,
QUEST_OBJECTIVE13,21DB79EF08DCAABD3ED71A89EFEA20E29E2D92D8061567FD59EA800E92538389,
BU_LUMBER_3_DES,7441028E59A9FA7E808D772A13D6A67A4B7FE8E97379C9035396801382350066,
BU_WAREHOUSE_3_REWARD,7A561465CA2D30F16013FE4F8D1D4E4D5E551E0920BBE86B94B68A85EF07E24D,
Tools,7F2465AC7CEFAB2766E6EE0714647089DF9364B0FF09858C84B21B8A436A845D,
WOOD_IMPROVEMENT_8_NAME,37868EF1C1A4C9A907200129E7620583B75B929ED03FCA2133ED8800E836D661,
QUEST_OBJECTIVE18,43DBEB2E31D5F2A4883B6594AA12611E0BA380C68C504029ECCB3E92A997582F,
MAGE_IMPROVEMENT_14_DES,D95A41AEF60FBE5BF77167D71658D59422335797DCFD55EA6F854CE07435AFC5,
FISHING_SKILLED_LABOUR_1_NAME,F0DC487687CDA66AA50C27DEDCC6A5C22650F9E6E9F93C5C7AAA8D9FEFCA2FC3,
QUEST_OBJECTIVE19,E1C1E58CE0E507CBAFDD528E5C990CD6F49432CDAAC068A55879870C92DB8D84,
TRADE_COST_LABEL,974659C187B531F329DAFCA4AEB9135D43220E196ED68EC4A8B412403348CCED,
GOLD,6249DF4367D0A2E088C8EB1117EF59430F0D7DAD4BF0FCF8A01D7F0415F4D511,Vàng
KEEP_IMPROVEMENT_1_NAME,97ADF3C1DC9246BAE96EE4169957DE0B4D87CFA0E988375AF2BD481434BB0BE1,
OPTIONS_BORDERLESS_FULLSCREEN,50A76ACB28FAEEBC596A825033A28C6246B99897907E3A0A5996954D39B0124D,Toàn màn hình không viền
BU_CHURCH_4_DES,D697D39EE1CDA78C0EE0270596F505460D2410AE0503004D146EB741EC2FAE55,
HOUSING_CAPACITY,43DE88A972B077C26D80A8C47E339F26187743617CC4F6F87984146240057683,
DIFFICULTY_HARD,D1348A56A516B7D3E4F474DC2632D323F88A41E6FC6BA1D7EE31DDAF79A5DA7A,Thử thách
BU_MILITARY_CAMP_1_NAME,DA579353C2127849ED54B8085F7B6C000CF7A8EE9A05A5A5202566A70A20DF56,
GOLD_IMPROVEMENT_12_DES,C3BC18E31C9B00DEEAC421563CCD829A50DB1EEE53919BD13431746D5F77E745,
MAGE_IMPROVEMENT_16_DES,E4FE069D711294EF372263430768DB39D14DD6025085F06EFCA2E6FB7A353CD1,
ITEM_MAGIC_ENCHANT_WEAPONS_II_NAME,BB7A099D6070EF6F4C37DAA784ED934AF9DD4F5516349D02C25F1B306B696BD3,
GOLD_SKILLED_LABOUR_1_NAME,F0DC487687CDA66AA50C27DEDCC6A5C22650F9E6E9F93C5C7AAA8D9FEFCA2FC3,
CARPENTER_IMPROVEMENT_6_NAME,F269B7E8E3801DBF1331E6B48CE800AC0DC5A62663EBF997CE5B24ADBFEB32FD,
FARM_SKILLED_LABOUR_5_NAME,CD0D07F45D064C848B3E62CEE7A5D7DC89C0384749EFD052B5B11AE1444FD99E,
MAGIC_IMPROVEMENT_5_DES,4A85B6A5BD32B2D039E08EAFB3DFC9D2FC5FB2E01B8898BC8A39E420CB9B8FF7,
FISHING_IMPROVEMENT_5_DES,1CE748EE49C82DB6B3E57C9B57F7644D73B33C2C17110099AC57ED96150ECE60,
IRON_IMPROVEMENT_8_DES,B2DA023A72D91BFF51B046A1EDDAAC29921B7866705626CFAC4D51603FFAAFDA,
IRON_IMPROVEMENT_8_NAME,83951D885DCFEAFA9DF0D66169D47DFD83FFFBF072C78A464F5E2EEEE684C17B,
NEXT_WORKER,A2E701E863871E05B5F55F6A7F1B04682A1B77FE7844FE05EE829113F8956CBE,
BU_TOWN_SQUARE_3_NAME,657BA7A4465BEAB9A4DC8D36FEC32CE20734A9298E8AE8E05BE936F26EA56A7B,
IRON_IMPROVEMENT_10_DES,D5B5B4524CA00548BF91E5E6143C19DFA839A946B57D4AF5797467818CCE27F8,
IRON_IMPROVEMENT_12_DES,BA7C9305D04DCB1CC217F2465A3B01ECCB0867D8D7FA51A8B847DC669ABACA1B,
MARKET_IMPROVEMENT_2_NAME,CAB337D0A4ACEE0A30A55B9576A6F553705E8B6FF5879F6B52961585B44BBAAB,
Total Production,FF2865F2AF310248A1A1B097FF1522A8756E55899431D9AFE97C3E7F6EF9676A,
FARM_IMPROVEMENT_12_NAME,E979EA2DF505DA75D448E38CEA41F6DD7E75826B4CD4019F142191805E5C066D,
BU_WAREHOUSE_1_REWARD,DA050E9EE6CEEE8A3A51CCE354A0754EA7AFD2E41DD155A60222B1CD949CB238,
BI_RESEARCH,979D6300FD9884FF8D8E03391D524FED8E88CD5560788F065BA2444DB3B7B20C,
WOOD_IMPROVEMENT_5_NAME,CCDDF594DF54816EA897E5AE0D310EE87340793FF2D478BCFB6C163EBE145653,
BU_CHURCH_1_DES,4A79F167BCC0052BEFAEAE16E5753B054084B292CFB7A1337FA720E29FFEC9CA,
BU_CHURCH_2_NAME,837AA0D985B27908439665FD776C4D61DC117E0EFB1094FCED706F2A11C1A4A1,
BU_SWAMP_2_DES,DED35A7C764329AC170B3F38FCF1E4FD199B88EAE80A7A6372BA71F51C018671,
COMPLETE_QUEST,38224B4A2AAE7A605C136F610905E765B80C749482B431D8D42E7047006EB823,
FISHING_IMPROVEMENT_12_DES,A74C1424C96CCA6DD0302F25B422D438C17C12185DAE8C900FB6991A0A79E8CA,
PRODUCTION_PENALTY,D786BD25CB282D7275731B3A59803926E127934FCCF589736CF6AEE895D3FE4F,
BU_LUMBER_2_NAME,1762DD38BE0D1A08834E47549E2518792215014BEDF96972A9111D58143B6670,
BLACKSMITH_IMPROVEMENT_13_DES,C500A7D4BA2462D6D9B3D8FDAD1C30F69C78AC2CCA7EB7B77295B1B6414A3CD3,
BU_TOWN_SQUARE_4_REWARD,DED8E366645D71ECB98768FEFCD821EDDCDF020E46B5AA4102DB2B76A5926EBB,
BU_DOCKS_3_NAME,E5BA292CE59C3BEC4BE30008D0D9B6635CCEAE40655FF63CB8EC87AB026FAC08,
BU_QUARRY_3_DES,050192612B80808420430EFFF98CD2A05982227CAF4B03E45B39AAEC426F4D7C,
FARM_IMPROVEMENT_4_NAME,A6874DC6C75007AE5C584D3AC76B7695C123D45A029E239FEC1EB81D40527541,
STONE_IMPROVEMENT_13_NAME,B8E3FF53257A4B6942A18B9F52A7B4DEBC0A93D22264C181683EED1D237EC8AA,
OPTIONS_MENU_AUTO_SCALE,DC1C48D98B5C6552D2D058348879A361A53511578EA4B3937777F4EE86876797,Tự động chỉnh cỡ giao diện
IRON_IMPROVEMENT_15_DES,BA7C9305D04DCB1CC217F2465A3B01ECCB0867D8D7FA51A8B847DC669ABACA1B,
IRON_IMPROVEMENT_4_DES,F38B5AABAA348AFB860B845F324375CFE7688BE0D3F3536F1F4D2F2C3A28D636,
CHURCH_IMPROVEMENT_1_NAME,2835F6468A382A9B93F4A110C17EF06B87B2A7AA1B37F0E71DB1A1AECCF79822,
MAIN_MENU_ACCEPT,89713B9C9C1B8F659C9F49DB25E4A47886DD673FEE248C3F650391F09A759CEF,Đồng ý
BU_MAGIC_4_NAME,B926F1898C9BF48F5496CDE1392882D066CE87646179E86088E305CDE50A3481,
ITEM_MAGIC_UNNATURAL_GROWTH_NAME,7FD90206BCFD03BA5487BE2FD2A51836AF6F688C8F708FC9CEC615C4469CE969,
BU_LUMBER_1_DES,DF96AD4F226A5FB91E55CF94D4F24BFE9A796C59683B293789B533CB785D1C86,
BU_HUNTING_1_DES,7A2A1491C5BC7AA6267C93E03A2291660B9F1D430D6C84BBB84A133CE0692352,
LEATHER_IMPROVEMENT_6_NAME,1A9EC146B56270E3027F5B18369C822CEC8681C3698485831EA8E38C39277F21,
KEEP_IMPROVEMENT_3_DES,8BF5FEA91EE4E47E0ECB204D1F97595D76808E59D869D8DADDBE8061B21122B4,
ACH_SURVIVE_PLAGUE_NAME,CA3BAEFA8CF66E19B5F3CB69B4174CD2AE5B988762333F66787D10405238BEFD,
LEATHER_IMPROVEMENT_7_NAME,6E3AD45D7BA6830169B02812B6F9DBDC527B50873D5736DA357256D052B9B9DD,
BU_WAREHOUSE_3_NAME,02D5F17793D7C26189E8F419CF41E99FBE669CEFE725703AB3792AA5E02085A2,
CARPENTER_IMPROVEMENT_4_DES,302D9DF2A4A8C7E4542EAB7692D138D1516B00D00BD81A80D46669EB604595E2,
BU_NORTHERN_WALL_2_NAME,DA75B066F9EA1E046229CEDD458981688BE5ECE866AE29B2A5D73CAE96AE9D5C,
BU_TAVERN_5_NAME,B683C49958682AEE954B04EA8851D73F555DDCFF5FF09410F6AEC422E25C9790,
FARM_IMPROVEMENT_11_NAME,DBF066C5FAD58D779725DA5750040D94A5819C2E8B06E6FE550074746F961377,
LOCKED,F8E2914A9A4F9707F332849BFB48ED697E54A8EFB713DD5C9A039011D8BF6472,"Đã khóa
Mở khóa bằng nghiên cứu"
DEBUFF_RECENT_STARVATION_4_DESCRIPTION,112962EFE5931823822C26D7752630224D7061043E6A9D9920362F2B2085B12D,
KEEP_IMPROVEMENT_10_DES,A6838CF055278416F2038B2094754BEAAAEE544AC2F0013C1BD788BD2216A4FE,
LIBRARY_IMPROVEMENT_4_NAME,078306CD9AD64B01937995FA51EAFBD535BC01E49D8ACEE836736874E6E800B2,
MARKET_IMPROVEMENT_15_NAME,0C3627989884B96E39DF14F090E7417B5C3AC86104E392A4274E23F4385A8450,
GUARDS_IMPROVEMENT_16_NAME,36C553F35780871EF7894648F7DE593A5EEA447AE425B856BC92EC2FB96DAFCF,
DIFFICULTY_SELECTION_MENU,AA4F37930A8C007FFA56F4E6AEAD3AF562BFC9C759CD90A73ADA844310D20D36,Chọn độ khó
ITEM_MAGIC_ENCHANT_WEAPONS_II_DESCRIPTION,25885B8B78FC8E3D7AD8858B99E919B43E88D59AB954093ED19E4C8E38D91A15,
FISHING_IMPROVEMENT_1_NAME,7BBBBA17D6BD808610DCB3334E41F783B705DA42A418D0D7DA535EFE45302FF6,
LOC_MARKET,5238D9BD03D543E62FFF76CBEA6A2392A95F42110E36C282E4C919991F607DAF,
MAIN_MENU_YES,85A39AB345D672FF8CA9B9C6876F3ADCACF45EE7C1E2DBD2408FD338BD55E07E,Có
GOLD_IMPROVEMENT_8_DES,64BFE54953605CF8F63DA3085F8EBB2D1CD28EA70316E3CEEA191A718E96ECA3,
FARM_IMPROVEMENT_14_NAME,694C6D49468B38F66F84AAA9A5DA8C5D814B89F3345D3A2E7B8F22C5117F3F1D,
FISHING_SKILLED_LABOUR_2_NAME,53D6CDB0FED1C70E482F041F0358D68F3D6B6073E1D59665298EB2CCA0065E83,
LIBRARY_IMPROVEMENT_9_NAME,88D66D3EAC0F33CECDD6A8C265AB7281A1D52462413B42D1D433D2927ECB997A,
CARPENTER_IMPROVEMENT_10_DES,42DB1D1756886A679851538C9BBDA81C037A242DB0599584BCE6B2D5B5D6FD5A,
ACH_RECRUIT_WIZARD_DES,BD850B50BA14AB3D37433F7AE0FF4EE3C1BB3A271AB06C3CA48B3A1C03D1746E,
ITEM_ALCHEMIST_CONVERT_IRON_TO_GOLD_NAME,F11948CDE85C1CE8A1AFFB5D6E65D323C97262698D5475A05A99B51B350BB7C6,
BU_HUNTING_1_NAME,737E75A70DA1749DB1BADB4658AF2677196E76CF9EADA602AA96A600BA362200,
ACH_FULLY_UPGRADE_DES,F6BCB67DDF84C69D47F22079BB487B65E178EEB0C72FAC74FFB4280EA8E9DDEE,
ITEM_ALCHEMIST_GOLD_FINDING_POTION_DESCRIPTION,BE11E464E17798C33821D3E7B254C139BF62B65C158DB8475033C8A339362584,
CARPENTER_IMPROVEMENT_11_DES,42DB1D1756886A679851538C9BBDA81C037A242DB0599584BCE6B2D5B5D6FD5A,
BU_CHURCH_4_NAME,472A62ACB756F2B892D2E19C29C301A8BEE0CEC1D7B65819DC0F6E1778DA7C70,
LOC_LIBRARY,DC20B3D5D2CDDF82FAD332821CA5E9A4EFDCEDE4A273AA193D2B495BDCC92825,
ACH_POP_1200_DES,849F2CB520915ED0111759457FB4A70E11D027C4E111179AD5E9695054AACDBB,
FISHING_IMPROVEMENT_9_NAME,DBF066C5FAD58D779725DA5750040D94A5819C2E8B06E6FE550074746F961377,
HUNTING_IMPROVEMENT_4_NAME,5D7BF6BFF4989F50504ABD3E662AF50A846A9C8E1861AF06D18888E5E21E9B15,
BU_IRON_MINE_1_REWARD,554AF1716D8D42D26C2A2D773365C65D0DFC08141B1B9C10A2B2068DB5F3B1AF,
BU_TOWN_SQUARE_5_DES,CFA028895687C10F47DFB552DFD9C23BDD74C62C734341FB140D87D8ED63FDBB,
KEEP_IMPROVEMENT_15_DES,0ECCB292EEEA5ACB9811F650B1E37541D84864D606E1E2F68FE7EE6649C22492,
TOTAL_ATTACK,58E4C7EB861B05475057A74A9826F4AA85248A695774E84680F1D8D7783771C7,
BU_FISHING_4_REWARD,9F2077D066AD37C28F40288818BF2BD009BF913FA6F09314B552551C59E2C9F1,
ACH_UNLOCK_MAGIC_SWAMP_NAME,12CC6FAE60646A600173579A013812F1B847AD2EF94A288A01E9A851198B887B,
CHOOSE_SAVE_SLOT,5719F4481034B34331B7908038C99A34648A27EB28C7BFB29DDC315DB0D260DF,Chọn ô lưu
NOTE_RETURN_CARGO,B29DD2F88549E224D34AA174C954DD694F5857B54AD8432502145DD01D0F2B58,
BI_BUILD,BDD254B65BAAC169F6AC50E8175CE6D930C1FCB086DEC59808D3E0170AE2291D,
BU_CARPENTER_1_REWARD,7B5DD2C928E4DAC1272311D0600CB9244147D57272E75EA163DEB4E174DDA70B,
BU_TAVERN_3_DES,1D4085D52F19AC716501FE4B0B3F1BD165BE56F605AD17F52B2A136AD57785A3,
BU_MAGIC_5_NAME,E98DA2F6B8447F43C9A68979C2C8339DA8137B8FDEB3AEE74116F9919683F764,
BLACKSMITH_IMPROVEMENT_18_NAME,D604F47E4885B79AEEDF965C42ADA1019F5AB5272C63A92CD46A659F31A3DD95,
FARM_SKILLED_LABOUR_4_NAME,803F3A6ABAF06FEFFED0AA13A0027734FFB4511C3AF10B17C2C36F37D1F508BA,
OPTIONS_MENU_AUDIO_SETTINGS,6E00805398EC156B4EBF47D7ADA38270554502D6C8B082EE8913F1076106E1CD,Cài đặt âm thanh
BU_FARM_3_NAME,C30B4A4912498A9E7D69E1DF1A625617CDA060C83E2EC9556605A4B6A3E973C1,
POLICY_FOREIGN_TAX_III_DESCRIPTION,39809505B4F9EA9531F590DE780FA3EE718C822C5D3244CF4D85FA228EDC02E2,
HUNTING_IMPROVEMENT_8_NAME,6FE49AD72D9F6A7E81264A3FDC7DD8DED5C4D15D69949F5B3F0714C0D7B299FF,
BU_LIBRARY_5_NAME,9D38443E2220DED5F60BA39B85ACDAD3AF96F810E359BB741F6D273470C7BF9B,
HUNTING_IMPROVEMENT_11_NAME,BAEC4D887DFA88D2DF1E322A1881652C8255422F3090F4A496E9EA0AF72D4B00,
FARM_IMPROVEMENT_12_DES,43874E27909B161FCD66BACACD51820FF6A38D64320BE29238148CC634516F83,
BLUEPRINT_TOOLTIP_LEGENDARY,AE6B84808A7BFB8F4538A20DA9940F733C7CDD46A3181FC8E5B7D6BD7C01FF81,
CHURCH_IMPROVEMENT_10_NAME,CF5BE580508A093E66055491076E47D5E0072429400B52ADF03FE20E79171C0E,
ACH_COMPLETE_INTENSE_DES,ED7CA48FCE3868E47AAE095C6F96F558CE11243ED821732A0B255C6B818B24D0,
STONE_IMPROVEMENT_9_NAME,6EEEE3BA59CC701A666C0A01FDF360EDA21864002655B186E6D11C09A5A4C288,
FISHING_SKILLED_LABOUR_4_NAME,803F3A6ABAF06FEFFED0AA13A0027734FFB4511C3AF10B17C2C36F37D1F508BA,
HARV_GOLD,6249DF4367D0A2E088C8EB1117EF59430F0D7DAD4BF0FCF8A01D7F0415F4D511,Vàng
GOLD_SKILLED_LABOUR_2_NAME,53D6CDB0FED1C70E482F041F0358D68F3D6B6073E1D59665298EB2CCA0065E83,
HARV_WOOD,731140284EAC4ACA18AA8CFD15AD56F45D4423067910729CACCAF21683E013E1,Gỗ
FARM_IMPROVEMENT_10_NAME,86ACF8A2126F39AE839A7C0DE984810D59089F7FEA18B9F36B52B1EA2B54D271,
ACH_POP_1200_NAME,A1D754C459AF9E9FD69DF12A5E27B39262DEF34567C4B0A3F34EA38A1578E963,
ALCHEMIST_IMPROVEMENT_9_NAME,D4144F441EB203729DA10C522B1482C094615E9AAD2EC59953EECD2BB8946E03,
LEATHER_IMPROVEMENT_5_DES,16EF3EA07D9629715B5E87FD2687328F0A352D8C27FE3B0C05D48AA38036F88E,
UPG_BOOK_PAGE_TITLE_LUMBER,731140284EAC4ACA18AA8CFD15AD56F45D4423067910729CACCAF21683E013E1,
BU_TOWN_GUARDS_2_NAME,BEF1CA4EB1237D0AE5EE023B02FE94B64477C9F92F28CA0E34AA01C067CC47AD,
ITEM_LIBRARY_LEGENDARY_BLUEPRINT_NAME,1A29A385828529C33A08715659BE9D4BECC2971482B45A87BE1198B52B5716D1,
MAIN_MENU_NAME_TOWN,CA1CE20DACAF1D1EDB816C0B1BFBB7067E9A415F6E7938B18B655F2825A16F0E,Đặt tên cho thị trấn
MAGE_IMPROVEMENT_13_NAME,BB7A099D6070EF6F4C37DAA784ED934AF9DD4F5516349D02C25F1B306B696BD3,
GOLD_SKILLED_LABOUR_4_NAME,803F3A6ABAF06FEFFED0AA13A0027734FFB4511C3AF10B17C2C36F37D1F508BA,
HAPPINESS_A,C627C09C14E58E44BC51622DAC392958EC88244E414B508020634F53CFCD1E69,
MARKET_IMPROVEMENT_4_DES,C4A2244216ADE9DB5F291BCC62A8A754E30A38377917E910C7AAAD5DB75DECFB,
BU_LIBRARY_4_NAME,715B5FAE24160D7747C81552FF7255154B2EB84E93332863C203D3E57506C1FA,
CHURCH_CHARITY,FD019B2F35D56103F99B01B4E5BDC07AB5196FED017453DD104B7AF29F638203,
IRON_IMPROVEMENT_3_DES,BA7C9305D04DCB1CC217F2465A3B01ECCB0867D8D7FA51A8B847DC669ABACA1B,
BU_HOUSES_7_DES,447CCDB46BF472CE9E226C2E0BBE0A1EA6E9F0EFE1D7EC22EF7C29D765E71B23,
BU_QUARRY_2_REWARD,4DC65435A6BCC8105F3193DD8F35A28011A55784A6562B07CC743F6FA89DAE11,
RAT_NAME_PLURAL,25966AE29AF5035248DB94C5DD128D22F8AB7ABDDC695C4C676F308CAE7AF464,
OPTIONS_MENU_EDGE_SCROLLING,30E9C0B5A2514241F813159BA7D75B6B430F38771258814468E0573DE82DA32F,Cuộn khi chạm mép màn hình
BU_GOLD_MINE_1_REWARD,E36E24EE5CF198FC69CB74AAF5ADF863EE2AFE63CA169A0AB31A4EC1AE254A34,
OKAY_BUTTON,16584052FD337F09553DFE2ED98E35A2DE86043F25E61A3ACB5D1E63A949E844,OK
BU_MAGIC_1_DES,C38FD0E24296AFCD3862ECDC3B62AF07B5A5C05BEA9A1EEB2F36515C23CF7080,
POLICY_FOREIGN_TAX_II_DESCRIPTION,E51BA3A1A04A5DE7699265893B7E34B3F19FA8B6829597EE1227753DC13F80D0,
POLICY_CHURCH_TITHES_DESCRIPTION,0682A97F82EEC240C2F28A6DA5C7E8E303B5BB0D448889AE436379900A1853ED,
WOOD_IMPROVEMENT_12_DES,AE31FD2E3BD2585C73CAA188D5956B2A0C34BAC8A508489AF07DDC0523244939,
HUNTING_IMPROVEMENT_11_DES,6ABB44360F7A0CF66DD6F1607D04D542F4390A10EDB6E4ACCC9ED02D877DD54A,
UI_SCALE_OVERFLOW_WARNING,CCA83838F33CA676D7C6CB892C3A2DBC02B49953C18DBD0198F5A0679EDD2193,"Tăng cỡ giao diện có thể làm các thành phần giao diện tràn ra ngoài màn hình hoặc chồng lên nhau, tùy độ phân giải của bạn."
CUSTOM,494CA78F7374E46FB2DE9AD9F2DBD4AAAE89B50B2CA044177A1566A59E06627E,Tùy chỉnh
BU_LUMBER_5_REWARD,DB67322BC35851718D78BC8E66861AA7AACC168A9F19B2E9C5A593611F735258,
LIBRARY_IMPROVEMENT_5_DES,91F2BBA3BC9ADC04580D5C7737BA6D3CC090CAB0123B2B8CFED1D5FCBE94391A,
BU_FARM_2_DES,CE1A84FE53A7E66868F5185769A00CC6240234865888260D56C337430E8DDAA8,
FARM_IMPROVEMENT_6_NAME,7E3464E13E56F0620B37600EE219F630EE1E3B4E3707377C02D1CB44F8A840B2,
MAIN_MENU_CONFIRM_OVERWRITE,A82B1327179D45117ACE56E5ABB2A4C40CDE51B57B686F90C688BDA2F62C3A88,Ô lưu này đã có bản lưu. Bạn có muốn ghi đè lên không?
CHURCH_IMPROVEMENT_11_NAME,DC6EB34A998EDCEBE44A725B2BC8D07D478E6B67C1537A420A1A85A928045551,
BU_QUARRY_2_DES,22172C515B9A63C6AE6968353BF3856C217138FFAA2F417966DD9729204C485B,
DOCKS_IMPROVEMENT_2_DES,2C5574E051A6855706ED14FF7269C2B05A5DEDCFCD7E7913A04402D26DD524E5,
SHOP_ITME_COST_TITLE,204A5EB2CD28BCFDF3BE9F8C765948E9E831609E3C57048CDBD6B8A94CF49126,
ENEMY_RETREAT,6D76826AA060674D7C87EC3057B6FB5CEE0BFE261508902050A3BE3FAAA5341C,
BU_HUNTING_5_REWARD,F6F63BF19C83174BE9943924D677337217756C1E37C3E77A331096D55FEBA09C,
STONE_IMPROVEMENT_11_DES,33735E0D8C64C6AD8102858D3347E17068A3592F0AB5400C371C48022249FEAC,
LOC_RENAME_MAYORS_HOUSE,651B67544612C3810B190DA629065472136159A6D9DA829C935A576CAF937BB8,
BLACKSMITH_IMPROVEMENT_4_NAME,25CF8EB88329157A49A63F8E733A4C77231E7BB407E02F39230DABD8FD5BFF73,
CARPENTER_IMPROVEMENT_2_DES,50E01C19D2C8A2AC7EDDBD22ECA27069EDED9186E01E615E2AA7FF23668B5FFF,
BU_NORTHERN_WALL_2_REWARD,D12F87CA17ED848945C86D7BD9F7193B2B379E69625DCAB6AC2718C103477243,
FARM_SKILLED_LABOUR_1_DES,66C320CCC1EC3B1D932AE05287A28A05BD61A511DCF309DA42B209A86C0A0D73,
BU_HUNTING_3_NAME,185E8246630AAF838BFC108E13394EF2B966E37A4C9A6938FC97857137C0AA1B,
BLACKSMITH_IMPROVEMENT_15_NAME,63DAE92E9B4CEA68449E42B46463C410C54A02BDFAD2F117AEE954ACA5BD1A9F,
TOXIC_MUSHROOM_NAME_PLURAL,ACF027F7CF46A503FE032B33DDBC80FD151174B7FC3237CD10F597DC7F13774E,
BU_LUMBER_5_DES,549193D2246009F9E28B61B1E1D5F6339CC0FF30D8E8830929DEAED29F9D2BC6,
PER_SECOND,195C6F1482E3224C862F98A08753D2AB4618FE98F2E153926703A0C36736D817,Mỗi giây
FARM_IMPROVEMENT_11_DES,E52D7371CA9C42581E772D748A6DDDAD40E1D80C0FBC8647E9DD172A03EB48A0,
STARVATION_LEVEL,83E31332A5D21DF9E3252AD85A387CA9AD12049D7B0A0D52A909387C41E111E2,
ITEM_MAGIC_ENCHANT_ARMOUR_II_DESCRIPTION,C5F3E0F2E1D3A087C395CC086559204AD79F5018FA55EE37D2F0D7147CE498F4,
BU_FARM_3_REWARD,81F96DA7DE874B94AA46B5A5EE1045B9E1EAC22E514EAE31699817CA08BEEFDE,
ALCHEMIST_IMPROVEMENT_4_NAME,ACE2676BF4B6DB7A4A699BFB50A4BC3D0045DF67A56BAA83B88ABF2E942FD6AE,
BU_FARM_2_NAME,A9202174814542A75CA9820290545B5F912A460FF949B8D069B71BB538EE5EAD,
SKELETON_NAME_PLURAL,F6FB698C6074F81C66FF5320BE7FD8C69F2790B518F08606FD204F14E1F7AF72,
GOLD_IMPROVEMENT_11_DES,F47FD2A7CC0907DF5B6AA59AD5F4F76CD22DB5A9DB887C917D21DDF670B079AF,
DOCKS_IMPROVEMENT_4_NAME,2EEE62235A8F3C48FD48D3106516B29C8121D62395BAF9B71D6DEFB2D1AB2BAC,
VAMPIRIC_BAT_NAME,E0828919F203AB4D43F54F65FB076902DB80D5B0B4F4AF9821A92F19F70E526C,
TRADE_DESTINATION_LABEL,293D404A500F5F9A149916D810FF4F4231BD5D6ECD25EB0F55A867E2095ECA48,
BU_ROAD_1_NAME,D9E8B895BBA93FF5C73F5AA1C50937A13DCB9665ECCF213D9547093E5AB1425F,
BU_HOUSES_1_DES,DCDA94CA71EE3F7F0C5A81CFA09239084009D07C786BCF67F98967887A24BA23,
OPTIONS_MENU_HOVER,6F83FA8B64987D4EA08E1BF0D7BAD7F3F136D2DF879219A10D5A05D84EC34057,Rê chuột để bấm
GAME_OVER_RELOAD,76BAE384B2D70899316AAC4CC986CD3C5CCA64CD817F17D50BAF444D795DF608,Chuyện đó chưa xảy ra đâu! (Tải lại)
ITEM_MAGIC_MANA_TAP_NAME,ACA47879A09F7DC80724765D9228504E43A269557FE3032DC7FEF58A4A06CF2D,
BU_ALCHEMIST_1_REWARD,AA0B4F0AE155C2A041B601F3C2709B92D64B96B0F30D0F4B495672E8CDBDF921,
✦ INSPIRED! ✦,A8155234E7F50A1E3B5128AA5325E13F9D3946BF3E65968069550E8641700CB8,
GOLD_IMPROVEMENT_10_DES,8B3AA5E402EA143659F950393398792857AFF3A96C5B0BCBB2F2FC6FE08BFF7A,
GUARDS_IMPROVEMENT_7_DES,BC9FEBA719D214CEA7B84E95BDF77EB783083C84C37C35E40FB5D0DDCC97C4D2,
MAIN_MENU_OPTIONS,D0DB8B5E364B6989E4B8F38A2B3846B87D99A51C1592EBF35D21CC66405A8E39,Tùy chọn
ALCHEMIST_IMPROVEMENT_8_DES,A101D20A789F7D960FFDBB5D58715ECFBE661588DE5889ADB6C02B3B500467E2,
TAVERN_IMPROVEMENT_1_DES,FC662A6F423E7DA48E0A857B82E4FD723DBBDA383D71BE5AAA989FBA87E67E7D,
BLACKSMITH_IMPROVEMENT_10_DES,C61CB70DEA19306423D4E9D2B2B9146E6D1633F4640D82FC4D1A1CF9979DCF4F,
ALCHEMIST_IMPROVEMENT_2_DES,17C7714CB954ED23101C1986811121CC5D26694A4FB067ABBF0C18CDEFFAC0F5,
FISHING_IMPROVEMENT_4_NAME,A6874DC6C75007AE5C584D3AC76B7695C123D45A029E239FEC1EB81D40527541,
POLICY_CHURCH_ALMS_FOR_THE_POOR_ONGOING_COST,95943CCB02753FF482574BB412CE8D11F9FAF8BB154807592D63278AA24CD821,
ITEM_LIBRARY_LEGENDARY_BLUEPRINT_DESCRIPTION,41E0B09D8D1DA0B11787A8DB39A2FE57C80D4CBA46AF151B841A2F30CF20F3CA,
BU_LEATHER_1_NAME,8EC903EA9B3B3A3ECC100A169BDCCF0D8C9CD24E5E2168D19E6E64B480395EB1,
HUNTING_SKILLED_LABOUR_4_NAME,803F3A6ABAF06FEFFED0AA13A0027734FFB4511C3AF10B17C2C36F37D1F508BA,
MAGIC_IMPROVEMENT_12_DES,95F2448AEA2C0A19FBCE601C6FAAE6068837EABB4446E11CBDDC3CCA2B0AF869,
BU_SOUTHERN_WALL_3_NAME,AEF5476C826FDA1480D29CB58966CF2C2600E4C87F0036A584A00DD923188ECB,
GOLD_IMPROVEMENT_13_DES,8B3AA5E402EA143659F950393398792857AFF3A96C5B0BCBB2F2FC6FE08BFF7A,
NOTE_DEFENDERS_KILLED,380692B85EB8E2FDC4F0316C504AC3FF60AB6B367A30AFB47A7BEB62EB383A0A,
GOLD_IMPROVEMENT_1_NAME,7BBBBA17D6BD808610DCB3334E41F783B705DA42A418D0D7DA535EFE45302FF6,
BU_FARM_1_NAME,626D43B6540FC2EF7C47C384BA08E9B2363D52D9B5B23E4FA50761B71E9D491B,
BU_TOWN_SQUARE_5_REWARD,7FC676009EE8C8C55D8EAD3AE65E6BC586167DE65F73D4931821987453A81E3C,
COOLDOWN_LABEL,48CED960FF5D55AAE9BB62BC0B3EF72A050410F8FF0CD82275935EE10A9131F7,
GOLD_MINE,12AECF86C3764B0B84955E76E67BD9263FD224DE2F7A3EF9218F7DFD92C6FFCC,
ITEM_MAGIC_ENCHANT_ARMOUR_II_NAME,3787364E6D3190BC6F733FED19F8C57BED3B1C7F7152489528BFBB4B1E1498CE,
BU_QUARRY_1_NAME,22652FC977FF82E603CBD65E51D47CF6D532FFA54946516E9C3E9ACF8CF19FA5,
FARM_IMPROVEMENT_10_DES,8DA68ED12084DE94FE1371762B4AFDF94BEE43C2C55D0F6CA66FAB576C308201,
BLACKSMITH_IMPROVEMENT_2_NAME,D5156D3F88A5181EE49DFDDE68201D9D7B3F437CFF5C65A57AD19CBFF2F35F54,
LIBRARY_IMPROVEMENT_3_NAME,5C34FB6F944B37EFE561A3677FAF97884334093A090B5B73EB3EE1CE8FA3B362,
OPTIONS_MENU_GAMEPLAY_SETTINGS,0D5A8E09A5E8107AE66218F1F19D6E55D5BAB91683D38542E9F263BC21DC33BB,Cài đặt lối chơi
CREDITS_CORE_ART_ASSETS,5818A35B46FC706FC397687F2079F63C1355721D022A7D2F935FBA18C7924946,Đồ họa chính
CREDITS_A_GAME_BY,3458882B428D189F42985040B0B47FDAF4335D5BE67CE3A069C51546BA472FB7,Một game của
BU_HOUSES_1_REWARD,E9C289637037FE8B4DB465009B0C966D3972F65D27E2A069E2CDFC8D7575BE65,
Global Items,8F7532555CB46A6355ED29CE5988066F72D599E9351FD2A444729AEF7A1A6EE2,
FARM_IMPROVEMENT_2_NAME,A376FBFBCCE3AF11093DA7655D1C839A9185BC6805787844B2F0219E128EDCA5,
DEBUFF_RECENT_STARVATION_2_DESCRIPTION,ACD999702CE95377F2187BA478860CFF3AF3A2E40AC06B6990F942E6FCAFC5FB,
PLANT_NAME,ABBDDC46BC12F7A7F5DA915FCC9787BBE497A36036D63031F17B28F9EFC507A8,
DIF_LOW,F793DE205EAD5AC302C4A1627829DEA41F176B1068B993A32373FC869918374B,
DIF_EXTREME,8FCA425FFB0679DA58F1779E0BAB6C87DB8A3E7BEBA5634CDEBAE0398D2885FA,
QUEST_OBJECTIVE34,9B0E7ED734BB32C075E9F4940A5CFB0B5E21E9E34FB228B139CC884B37A3CE76,
GUARDS_IMPROVEMENT_11_NAME,9DAAD610E49E342E3CD799FEC514767112445D09419B38D56A8785439649CFCD,
UPG_BOOK_PAGE_TITLE_EDUCATION,512AB3C6B9869577BD4474C56B88F9E3F1C40C54D18E8E5A2329821254D362D2,
WORKER_OVERVIEW,F892AEC21BAF2C8972190E208C507A05AAAF7706104780BE512126BB18F8A8B6,
STONE_IMPROVEMENT_10_DES,7B15BC29DD10290607BF159730C2F54A35BA1088ACEDA566ED95274232847579,
FARM_IMPROVEMENT_5_DES,978C2F845778991E4FFA7A8E5371038FBEECE2405E320A7E86841BB050684D86,
FARM_IMPROVEMENT_9_NAME,631D4BFEF310C739F544E60FC90D850CDD3CD460E5B68EDF44336939695CD68E,
ACH_RESEARCH_BLUEPRINTS_NAME,F62189094E19D8245729593762DEE5C3038783696033DDAA8E6E68F878F9FE17,
CARPENTER_IMPROVEMENT_7_NAME,EF99FA96AD544DD60F7E78865263D71390BD4196336D41FD170FB8BC8C57EE07,
BU_KEEP_5_DES,8C48D2F38118690C7AE9F1D293C00A7FF8E3A23D7722D35D1F2239CE9656D6EF,
ENEMY_CATEGORY_PLANT,0BD287F6CE17C0DF72D097DB9E24F828FBE5E24987012F8153A21EF6189A3747,
FISHING_SKILLED_LABOUR_2_DES,532712FF3EC5603C6F381EF1E309082CBBF7D88ABC6D8F440B3439BC05F4DD40,
%s to %s: Trading %s for %s,7E747424E967DDC8936A87052F4B9BED6AD2A3E6ACBC34436ABB8142C024E22D,
GOBLIN_RAIDER_NAME_PLURAL,565A117344E668370ACB257F560E515F01C023F30FB82BB611246ED6079E4497,
Fishing Extras,B403D833E01138078C8B6FBB07814CF636E2794AC6FB6D7D7D7FF31A9153FBE6,
ACH_FIRST_TRADE_DES,4E37D1CCE81497775C2DAE730A86BF4D15EDD0A802180355AC9271D3F3572698,
WORLD_MAP_DEMAND_NORMAL,D45F9C4726A933730CB4B251F3AD134AB32CB7A77E1B648944ACC62D8363D864,
BU_MAGIC_2_DES,E10D1356AC25098FE563B37CC49C06982C2865750DA20B9F87C0CD70F052D920,
KEEP_IMPROVEMENT_16_DES,271E140BCD9D6AB6337CE6AC7C462A21DE4556366FD32501D7405B3B195D3C67,
BU_TAVERN_2_NAME,0914BAF01396E051089AAF6C961D4DC632CB02B889628C060D2A1FF719785913,
FISHING_IMPROVEMENT_5_NAME,7E3464E13E56F0620B37600EE219F630EE1E3B4E3707377C02D1CB44F8A840B2,
CREDITS_DESIGN_CODE_ART_WRITING_PRODUCTION,EDF62249433D91F935881BD5A018194035CDC7BD936E87033542AE30FDD996B5,"Thiết kế, Lập trình, Chỉ đạo nghệ thuật, Biên kịch & Sản xuất"
FARM_SKILLED_LABOUR_3_NAME,E66D0F9937A5BB94252CCED281AEBD7A49141E2553025875BF20CDEF582D7BB3,
BU_CARPENTER_2_DES,6F63A44D05E6FF619259F248432E6D98F48A1E7817D2BCA7E7626E8DFAE046AF,
OPTIONS_MENU_MUSIC,6EB00B4B2614A144D41CCDF709017A675953FAE2DF6CFD6B397BD9E4D8708461,Nhạc
BU_MAGIC_5_REWARD,D951D411227F9D79578EE81CA1F18E09F5779E245C02DDF1F5B876007BD75637,
ENEMY_CATEGORY_ORC,3907AF2E3409C8737E09736DEE955306C798DC0C1CE5A728D2D806278F4D8E0B,
BU_CARPENTER_5_NAME,1FB188AC09C8273B0F381AE40DFF030AF49F1307C32A855425CA5566297C434F,
BU_IRON_MINE_4_DES,7EF1D097E6479F5381ED9A4CA6D49F8D51A7A1338F0C3088CCB1923633602C16,
ACH_TRADE_20_NAME,1338C0B41F59DECC620BE3C8F24E93CB8A6D3575E357FEE07BD4AF2F68D78DE5,
SMALL_FOOD_BONUS,14825F0C4F8F3F588D73275609BFB0AD9970EE79E60FA4425FCB222AB9A7463C,
CHURCH_IMPROVEMENT_10_DES,0D0B39B4AFCAE1476ED167AC76292DEF94D8DEDA2675F99F063D41C91CE102A5,
BU_MAGIC_2_REWARD,948BC6133219CB6E1DD00D35802FBB921499B30A20772FFAA65CF4B366C14EB9,
IRON_SKILLED_LABOUR_1_DES,87C41DCE512198A1610BC3DCE0AA0E689846E7B448089FD163AB4EA386544DDB,
BLACKSMITH_IMPROVEMENT_20_DES,1F09C71B3871C5883CA704460D40008EE76CF25012A7BD7552974D00CEE286D6,
BU_LEATHER_1_REWARD,0B233F4A9D119D5D79AC3A803663DB2C276F2E41596464634F1126C5969AEA10,
GOLD_IMPROVEMENT_5_NAME,061DB0A5DB8EC59387078E0888589F27EE67742072D35CDE5486F34FABB11A21,
SPORE_TYRANT_NAME_PLURAL,26DC546371F97254A9DE200525E035EC2538A8EC798A5940D2CD39DFBE797B6D,
BU_NORTHERN_WALL_5_REWARD,D523BEA550569850CE3E3E4E471B127172CB794A8C8A25E4AE41878D531FD947,
FARM_IMPROVEMENT_7_NAME,A732E8BEE213AB192E1AE2E600F32CDADE63ABD057F5AA85A0CC6C407BDA27A6,
LIBRARY_IMPROVEMENT_2_DES,D8ABA700A1FA43A6B4B8FACA2A3B32F05C7F06F2BA9995E2C0DFBBF1468E9EB9,
Hunting Extras,6A39DEC2676854F804EB52A7EE85C1A218828161DFA0FE387CA2D5C34EEA3C7F,
BU_FISHING_3_DES,CDE8DF437F4E58FCE9E52C2B34D57833273193FD3BFBF12A35B6DFE50A2E64BB,
BU_BLACKSMITH_2_NAME,B919E17ACB83BADD40911D7B4C6EC63828B11F8D0C365E041C24DB1E73E155C0,
BU_MAGIC_1_REWARD,65957A9E364656840A97D98C50C75738055FAD3CA5702202C244A586714137F7,
BU_HOUSES_1_NAME,F5B77A1F1E6E49DB4682EB141FD93382C7D6909742E3593F1462DA745DFD1727,
MAGIC_IMPROVEMENT_1_DES,485D7439707B433E83568C3BA7C0CE952438AF6BFC684C2B42B08B7835D939FB,
ACH_TRADE_20_DES,B1A4ED705B20B813CF20F8B79EB0541DC1DA9C35678EBD55E14F4EB1CA490715,
KEEP_IMPROVEMENT_8_NAME,8E3D9658B883AB72CAF934280E924EA37A9CFFD1E96A92A536DC2D7814ADB8DF,
ITEM_LIBRARY_MASTER_BLUEPRINT_NAME,6A71B8E2D5AA682B0CD1809385933563A4ECD0291C7BD59432257CBC9BE47928,
DIFFICULTY_EASY,96124817C8108C2B220DEBCC41CD60420A66B957701C494832C0AF4DCF31DDDB,Nhẹ nhàng
DEBUFF_RECENT_STARVATION_2_NAME,1F70F3338A7329FEF1CFCF691EA5E4577E6E18D11946A2FDC063578DD39B6AF5,
POLICY_CHURCH_COMMUNITY_OUTREACH_ONGOING_COST,BD6176CC4C0705919A91176C755F4AD2CDB3BD0DFBCDDE0C62291766B46B8DF5,
LEATHER_IMPROVEMENT_7_DES,0E6F9078FCA721558FBA54ED7A4DC2DDB1522A36320A55F69C91D8D2CFED0496,
BU_ALCHEMIST_3_NAME,AAA626455E4A1E4D096EBF0BAEFA518CBAC9365F064523E453C8F87A17609665,
ALCHEMIST_IMPROVEMENT_3_NAME,EFF10C2677331A21DA3677F4769E4FC26B2FBB7C0803DAA93AF574895580FDDE,
FARM_IMPROVEMENT_17_NAME,8576CCA1318B567DEB72A09563671FF28C895A50B393FBD5D3A4BBE014D61B37,
FISHING_IMPROVEMENT_15_DES,A74C1424C96CCA6DD0302F25B422D438C17C12185DAE8C900FB6991A0A79E8CA,
IRON_SKILLED_LABOUR_4_NAME,803F3A6ABAF06FEFFED0AA13A0027734FFB4511C3AF10B17C2C36F37D1F508BA,
BU_ALCHEMIST_1_NAME,9B72135F29BE365232DCD4D8C608E154C1F963E0A2F6EE9F43CF6A5EA2183724,
BU_LIBRARY_5_DES,24243904A9E39211896FAEDA68D7E99C2EEB5129688DB48A89B1E117C27ADAC2,
HARV_MAGIC,ED1A5A81B8121AD13A8796E7A7EB113F25D5B18B0A3831BAE13D697BA5DAE38B,Phép thuật
QUEST_OBJECTIVE29,E5C0DEF3562E74C2A44AA88445428A19ADF81403018CF37FB674CDFC95143402,
QUEST_OBJECTIVE28,C1A224A9E30C3EFB833BD44B5A0F99F69828AF94F86272731FACE4DE429016FA,
ASSIGNMENTS,2C7E21F63A475B9DFA5456EBBF90D4E9DF5E89AEDEC821A05BA23312E640F4D9,
GREATER_EYE_NAME,6C9271C779DEA9A1D3B9DC99157A1F0C100E638CF8C2928A7A64BB0B4535F0E3,
QUEST_OBJECTIVE25,60FA07D8184BF09EB814059439D7E3FE0AB5C740F7DA697FBD485931436292A7,
QUEST_OBJECTIVE24,5C3D9ACAB9E6024E42409B7FA4EF5A1F1C7FD7F361C2B3925E1AFEDCB462DCC4,
BU_FISHING_1_DES,4669F0E9522F726F4CC187DA3428795C9031D7281C0F7C5EDD2EA11F05E18492,
QUEST_OBJECTIVE27,D8FE0330F5745BB6D326CAB2CFE31B92345704A49DE3D0A0F1F98AA4E8D39BFF,
QUEST_OBJECTIVE26,0286A110C25D6FD79A7784830C33396EAF76F5E54392EC806F20BA6463092547,
QUEST_OBJECTIVE21,76995E4EC1D7CA6BB065E7F9AED2BF8B08DE5A98ECB2DC5B20C74465EC54F674,
BU_SOUTHERN_WALL_4_NAME,97EE2B26127A5F611E902AFB2CB9EF426B512BADBD57F191C0C9A4ED57F8A63D,
BU_TOWN_SQUARE_6_NAME,CBD1963069739A0C74BBE89CA5996C0101E0649AEAE6E175DFCF3E10229B4029,
QUEST_OBJECTIVE20,856301DA9EA739076F91B690002C4745D6CBD29E4B0397117ABD8090DA5785EC,
CHURCH_IMPROVEMENT_13_DES,0D0B39B4AFCAE1476ED167AC76292DEF94D8DEDA2675F99F063D41C91CE102A5,
QUEST_OBJECTIVE23,326D8A658B7863ECAE06CA75D2D94F167BF49EB5BB79A5645AE3BF7420683C55,
QUEST_OBJECTIVE22,31C53EAF00D7ED03364C409604FBE7C52255EEBB65C74C83050685C0D4F1C878,
DIFFICULTY_NORMAL_DESCRIPTION,E4FA4ABED3A6E11738791A612E11ED4E83F1699FF4508D90FB259D8463B71935,"[b]Quân địch ít hơn

Giảm nhẹ chi phí duy trì binh lính

Giảm nhẹ lượng lương thực tiêu thụ[/b]

Đôi khi quân địch vẫn có thể đánh bại bạn, nhưng chỉ cần chút tính toán là bạn sẽ vượt qua thử thách dễ hơn.

Hãy chọn chế độ này nếu bạn muốn trải nghiệm dễ hơn nhưng vẫn cần nỗ lực giữ an toàn cho dân và cân bằng kinh tế."
FARM_IMPROVEMENT_18_NAME,6608F2F687B69A9F98B6645B72D394AABFDBAAA9D9549A3A69815A85703BB16A,
ACH_POP_50_DES,06B823322F443194495E5704CB8DA0B81509556F75E7FCFCC0D506AE1E31090F,
SKELETON_NAME,EA5F6BDC79B884C397D6163ED999DEAFD3908D8C928097911D4085A99EF1B575,
LOC_RENAME_TAVERN,255A70FD8EBFCBCFA78FD0A378C65BC516B7CBFDB6EBB78533D6890BB6190CC6,
KEEP_IMPROVEMENT_6_DES,A454DEDF0BB0125CD0E939FEB52334A42D6F09D228E5511A81D078990CB80C78,
TAVERN_IMPROVEMENT_6_DES,5464D879A6E15D740BAC469B4EF7ED097E2B8E405B3CB9DE116388433448B06D,
BU_TOWN_SQUARE_10_NAME,60B6ADF2C65DDE2FF2E2749563E5ADD4264B6245F852A5F290C853E4D3B90E2D,
LEATHER_IMPROVEMENT_3_DES,74924BBC4F19B5F6177EEB6F1B7E2A3F0760A215D60EB67974ADB243EEB5DBEB,
BU_TOWN_GUARDS_4_DES,F2987F4BF655484BAEFD5B877ED2D1E3160B79F7EB5A15514A5F3D46A553AC12,
BU_MARKET_3_REWARD,404CB7966910D314893068ED7631B2A6D0B4D35E20416F40B975C9771FE8A37C,
ALCHEMIST_IMPROVEMENT_8_NAME,6789735749A3F2799F49712657D30B06932F97A6BAAE05BFB81522D78FFBC41B,
CREDITS_ADDITIONAL_ART_ASSETS,1B3187DB88DEDE4023B711EC2DD950290B478287AABA96C8447F7CAA23EB48DE,Đồ họa bổ sung
IMMIGRATION,D4A50FD4D73140E499642441BD90E7758785D1F9315EAAB7C50841D864D5CC5D,
MOSQUITO_NAME_PLURAL,AF19369BE77AE80FCEB2077DBE6B28B493DB236F0B8D2679B7D6E4657957276D,
HUNTING_SKILLED_LABOUR_1_NAME,F0DC487687CDA66AA50C27DEDCC6A5C22650F9E6E9F93C5C7AAA8D9FEFCA2FC3,
BU_ROAD_2_REWARD,CF45237BFC523BEACB3DA7F33F7C003DE80F54DC5CE2047A86DBE71B9215AA0A,
LEATHER_IMPROVEMENT_11_NAME,C0BE10711F8BD77471115770C1BB72D4347CE7E709D8E81234923B0E2D8A9C5B,
BU_GOLD_MINE_5_DES,C0EFD341568D0E7C2F8C7D96AF1A2AEADC1E476D0ACEDF7890AB3E30549205CB,
BU_TOWN_SQUARE_3_REWARD,633EFD5CF442C960CCAD05FC81784F044EF65B9838AF1BD8E424F7D41919EA26,
FARM_IMPROVEMENT_17_DES,047DF7F576A77ECB68F85A63C7E8E0CD6495AB84061CB98F0D75296A32E96AD3,
LEATHER_IMPROVEMENT_8_NAME,5FD6E426FE14CD61A01EB2F3D7273991E05259194F01E9AC8D90257D61735FD7,
BLACKSMITH_IMPROVEMENT_9_DES,06D01C1D87F4D3A94FDDCA358F013A471ED824841F1961E425C436EB364449FE,
MAXIMUM_REACHED,D025232A3D1B6D3FEECBBFD1C764868DD7AEA2DECCFDD6898527C4E12B627B7A,
BU_SWAMP_2_NAME,3D8C2CD3C20E4D2B0E4ABC4979B34C715EB24F15C19F5DE8AAD97C17B0777782,
FARM_IMPROVEMENT_16_NAME,9414A53F92ABEEA4E49BFE27E30B13CAEE76DF8ECFDD9446D1117193B3B27FE3,
TRADE_SELL_LABEL,2EC1E28159466F2A82A3D778394486BABA97F065F20073206788BCFDC7F6D2EC,
BU_SWAMP_3_NAME,6D796EDDE9974A470991FD6A6AAFCBDCB405B020CAC9E693C11B745F3F75D68C,
ACH_BUILD_GOLD_MINE_NAME,4E6B785BB09CBAE3A803A469FED2902E848DCBA71AF1DAA37A40C96ED34F9F76,
BU_LEATHER_3_NAME,C0086F23DCDDCDDA8B10B6601DCB1564C1AA5306A4BEDB2DBB4B0AC41030BA59,
MAGE_IMPROVEMENT_2_NAME,7FD90206BCFD03BA5487BE2FD2A51836AF6F688C8F708FC9CEC615C4469CE969,
MAGIC_SKILLED_LABOUR_1_DES,E8264E5EF544EB4ECC43CD247FD5EE6ECDB6A31056BEA38836A8DBDF8EE8E27C,
BU_NORTHERN_WALL_1_REWARD,108B81C1B6284DAA620A153ECEE9F4BA5C3A3211C56FE3F7D87F1313285419A6,
BU_NORTHERN_WALL_3_REWARD,650F0EC5F7CED546047E2D3A8A37244BBD01F9619F64D6B762EE9E484B5F6A7C,
LOC_DOCKS,5D61C77911CB5FCCBD6DCBB66F25C4E70AE794041BF9385077F350C58A430639,
BU_ROAD_3_NAME,CF3FF31D322CDFCBE5D5205D83B241163CA36C836894D101F038F0D286C2E7B8,
FISHING_IMPROVEMENT_15_NAME,6608F2F687B69A9F98B6645B72D394AABFDBAAA9D9549A3A69815A85703BB16A,
WORLD_MAP_DEMAND_VERY_LOW,2DB89E271222952D8B7DB537B2266FB25818CEDCC6850F828134E0BA39D7B5E5,
Inspiration,DE74AC7290DCD887063D78A88B59C9EDB68B1A0DF0160D905C795F96B0442D9A,
LOC_SWAMP,956D5FC7FCC0B6C4511555DC6BC14D30E4D7ADAC5032AB10B7EDB7447E905527,
BANDIT_NAME_PLURAL,6EBBCFD1076BF6E29DB3F4F2476F6967ECFE8DD8EF1D1A6A440924F68D470151,
BU_LUMBER_2_DES,25F66F6E0F170F4792E0C0B993CD19D3A53AE1387ED9EF42B8141FF8CA15FC35,
OPTIONS_MENU_WINDOWED,3F26603A2748FED3DA8A9A1DDDE86DA13BC41CB07F6389486CBA34B72E9B8C44,Cửa sổ
BLACKSMITH_IMPROVEMENT_14_DES,C61CB70DEA19306423D4E9D2B2B9146E6D1633F4640D82FC4D1A1CF9979DCF4F,
BU_TOWN_SQUARE_6_REWARD,81B54DDAA205C7AFB01761294AA0286D87CA7C3BA4FE4C3B4A9662A299D25104,
NOTE_ENEMIES_KILLED,D70A7B5DDBE487DA48080D695F1F6BCD7CC4EE03B19C21F7682D1744145E7ECF,
GOLD_IMPROVEMENT_5_DES,1964727A8ECF6F3CAD8904E0E13E78D9DA0D0D1E5C4F792BC1BB10F412748A21,
LIBRARY_IMPROVEMENT_9_DES,9BCA9CD7442A9B855CE72D0F1906287E13EA540A9DBE72D23994907F2770C190,
MAGIC_IMPROVEMENT_10_DES,9AC6A37D9831DECE7BACD18DF01482D59ED19FF0E5B4C749DE623E368E198E5F,
BU_CARPENTER_5_DES,F9B138FBE57830D316EEFDCE7AFDE45723C56CFCDEE26A021AEDB612E74EE079,
BU_BLACKSMITH_1_REWARD,0164DD2A4F780ABBCF97156C6AAEFDFF8488E5CE914E4F31CA1268724362921F,
QUEST_LOG_CONGRATULATIONS,C7EBC11D0B090CCACCF18E4CD2611D4F498C685165307A2147A8B62D7E56865A,
TUTORIAL_17,DEF970593A3B84E668D3480561438083D2B2BB400F13F9555010376E3AC0734A,
TUTORIAL_16,0BB12207BBFA56227A0650685960905D38FC5EA358745BE13B3E1EB0E1179DFF,
FISHING_IMPROVEMENT_3_DES,A74C1424C96CCA6DD0302F25B422D438C17C12185DAE8C900FB6991A0A79E8CA,
TUTORIAL_15,3F95DFE8296B26B2CA5246CFF639B2B025C73B2EA587C61F2E1E47557902735F,
BU_HOUSES_2_REWARD,F1F97C0125D37DD32E8ECE81D520BA12E91D2B1C336794B2FF9A85ABA093EE76,
TUTORIAL_14,C937E1E3CB37FD4914CA04ED403DD74008BBAA6CCFB275BC11F192F671427F16,
TUTORIAL_13,43B782ED6EEF64BD8088213C019D6FAEB8A42585C0E8E120D123D01176D33D11,
TUTORIAL_12,1BFC267B66B363B68A9086CA8D476CA3706B8786198BF3F95E8BFA4AF41BC332,
TUTORIAL_11,423C1DE72D512B3F40D4F59949034F8B903F9464567B09ED925D7FE307F44CDA,
TUTORIAL_10,ADC94CF1541B75581DD0819A9429379190F026FE70D8E29FF12277CA7E06898A,
FARM_IMPROVEMENT_3_NAME,7BBE3283F2046FF8466CA72878DC707777F7C2C5512479F8C5BAF90D6564D358,
DOCKS_IMPROVEMENT_3_NAME,DCA33FDC4B2F27DCD65D02E43D9059F9F5FD59F7995902A741D9B70912E026FF,
BU_BLACKSMITH_1_NAME,4D1BAA3E8E33199AB8B1CDF339E8B07B5997CA39244D7F1AD7C735CA12D3F8AA,
FARM_IMPROVEMENT_15_NAME,35ECB7B3A2652825639CFE2FA3B180FC9AC833CEDFA63D442F35B2041862C92E,
LOC_BLACKSMITH,B919E17ACB83BADD40911D7B4C6EC63828B11F8D0C365E041C24DB1E73E155C0,
FISHING_IMPROVEMENT_10_NAME,E979EA2DF505DA75D448E38CEA41F6DD7E75826B4CD4019F142191805E5C066D,
TUTORIAL_19,8DF7CCC5E3DD86F8FDA9BE9AA918FFAFEB0557C5B13BD8EF87FB8D7D9193E253,
TUTORIAL_18,89A04E81704BA69C509392CB26358E90C7D8489A20B7B194BC6D4FFD531C4D8F,
BU_TAVERN_4_DES,BEEC2D26C0983855622A498F035883265DBF647A64F24D426F68E4D7141C7529,
STONE_IMPROVEMENT_15_DES,33735E0D8C64C6AD8102858D3347E17068A3592F0AB5400C371C48022249FEAC,
FISHING_IMPROVEMENT_12_NAME,35ECB7B3A2652825639CFE2FA3B180FC9AC833CEDFA63D442F35B2041862C92E,
LOC_RENAME_SWAMP,0410AAB66E3F48E5E61581670247A2C84F6B8C28E21F36052C3153ACB51FBA7F,
HUNTING_SKILLED_LABOUR_2_NAME,53D6CDB0FED1C70E482F041F0358D68F3D6B6073E1D59665298EB2CCA0065E83,
BU_IRON_MINE_3_DES,D431C7F80EFD2F16C42D1E31F6AB3FE41B9B238D35913A08B4DB830C48C9C18A,
LEATHER_IMPROVEMENT_12_NAME,DA0A213ECC0E36D6CC948D01ABEA6BE23A82CF6D068538C496AEA0FD400ADB44,
MAGIC_IMPROVEMENT_13_DES,9AC6A37D9831DECE7BACD18DF01482D59ED19FF0E5B4C749DE623E368E198E5F,
MAGE_IMPROVEMENT_8_NAME,6442277E2E42A8B9A0F751F209EE6FE778926CC3F8EC31EE64194446AFDC94F2,
HUNTING_IMPROVEMENT_1_DES,59055725E2DCA1B8533A475FD7CD5E543241935D7A3AD89A88C585D254B4B764,
BU_CARPENTER_2_REWARD,7B5DD2C928E4DAC1272311D0600CB9244147D57272E75EA163DEB4E174DDA70B,
BLACKSMITH_IMPROVEMENT_2_DES,C495231B4EC242B3ED29C135DFCE09C9F49DA653ADA189CE2843DAF3DF427637,
MAGE_IMPROVEMENT_10_DES,7EC36678F6C01CD54590924B7E2A4129D4BA53C36135D2D29FD132B64ABDACA3,
MAGE_IMPROVEMENT_12_DES,C02C8FF10E932BD4A5B4978EF0643E00AF921C3B2FDE4245A7851F9C8AB498B5,
ITEM_LIBRARY_EXPERT_BLUEPRINT_DESCRIPTION,407C12E2AC16FF6603ECEA9631FAB88F947F9E9B5F8E404F9146CF40019D0107,
BREAKDOWN,3FFE201A20342A4C5F1EAA13C43325221A2D52F9703BEDABD926C5912F33F32B,
BAT_NAME_PLURAL,8F0C9C1CE49D1760DF0A21E81D4C0DFF89D378CB06BE32710D623071A07540EF,
FISHING_SKILLED_LABOUR_5_NAME,CD0D07F45D064C848B3E62CEE7A5D7DC89C0384749EFD052B5B11AE1444FD99E,
THORNED_PLANT_NAME,8133E55817FE2F0840A70FAE50FCE4BEBBDA9E41CD03C7DCD781309AB6694268,
ITEM_ALCHEMIST_STONE_BREAKING_POWDER_DESCRIPTION,12C0136EA2D8A4DC1946276EA30E69A7FC8768145889A7072FE6E7BC314737CA,
GAME_MENU_CURRENT_PLAYTIME,637C8C66EF16A1DE90397D7C4133D664B048D087A48CEB35B57A46E88898D24E,"Thời gian
đã chơi"
ACH_BUILD_KEEP_NAME,0923D9347FBB7BD9228585537FB8B78051E9AB87F33A5D67882897CDC53FB9C0,
IRON_IMPROVEMENT_6_DES,BA7C9305D04DCB1CC217F2465A3B01ECCB0867D8D7FA51A8B847DC669ABACA1B,
LOC_RENAME_DOCKS,1BE49994A7BAC5C5E5F6DEF967F55A4AB34314FA9AB768FA31B0577E0BACAD38,
Wood Extras,25B68101DB7376018A11A400E9D6890BFE42FAE8F3A04002EBA078F531FF80D2,
MAGE_IMPROVEMENT_4_NAME,CD883F0C41F3AFC20AB14BFACE479270FB3FCF205336C2EA26BD7D5B3988783D,
BU_LIBRARY_3_REWARD,A96139B4815DD6A21AC1DA4B0EDB4696ADFEDD7C8C286B1AF219BA19E46E96EB,
CHURCH_IMPROVEMENT_3_NAME,FC5E5BCA9F2E0CB6BC9788D94A53A5A1EC4A97600D42B2C366DCBE12F3B8DE8F,
CHURCH_IMPROVEMENT_8_NAME,5DDA32F4BC51E2B8670973FF729AE533B7607023C44DF82B3C2F1D4D27F4176D,
ITEM_CHURCH_HEAVENS_BLESSING_DESCRIPTION,A8FA84D8109F862980D3601EB83F5244022C6B0680A1EE2585BBD21318CBB28B,
BLACKSMITH_IMPROVEMENT_11_DES,1FBA80C868E370358FC1168A6EED8C38E4B57E3C438C567909A088D12C5E75B2,
POLICY_FOREIGN_TAX_I_NAME,9DB77D002CAAF0A7E9B8FFAEE5E2F015FA87C20A74D9D26E6EC65739CDADA1B8,
OPTIONS_MENU_AMBIENT,44BB0E5FB3702293C83EDB7BDAEFD20B9521497B1648F0DB735696698E8950DE,Âm nền
BU_TOWN_SQUARE_2_REWARD,73786A037A81B7585CA1212762756DCBFFDC8F9E648994DF4493E87446FEFF35,
FISHING_IMPROVEMENT_2_NAME,A376FBFBCCE3AF11093DA7655D1C839A9185BC6805787844B2F0219E128EDCA5,
Global Extras A,7CD6CE9DC32A032F21FF5363CCFF6F0F54DACF9EF33ECBD1AB7C7F5179F9C873,
MAGE_IMPROVEMENT_1_NAME,AF6849B01881B1FD6067505483DA29988B50E2A8ABCC8FD0B448CB00214EA7CD,
BU_LUMBER_5_NAME,122A0693C622C4FE9FCB05228961912D053F7CB66E3FFAD513B624E44926A498,
BU_KEEP_3_DES,F679AD336F41693BB6F1999CEBF8A268B17FBB8B5E52DC0868F88325A396034C,
BU_FISHING_4_DES,919DC687B170824F892FA9D94BBC25B7010EB38B8EFB59CD8195DC38229AFE49,
BU_ROAD_4_REWARD,8246ED4FB34E9677215E0E3200B47204813EE81DEEF58584A806FE41BDC8520C,
GREATER_EYE_NAME_PLURAL,DF9BA99DB7C7565934E020346AD97BF5A766A6572183524F3CAFF80B70821C27,
GUARDS_IMPROVEMENT_12_DES,6D627005A229A8F174B78943F92FB40466921ED0D6428565BF0E67A9FA96DBF3,
HUNTING_IMPROVEMENT_4_DES,59055725E2DCA1B8533A475FD7CD5E543241935D7A3AD89A88C585D254B4B764,
FISHING_IMPROVEMENT_14_NAME,8576CCA1318B567DEB72A09563671FF28C895A50B393FBD5D3A4BBE014D61B37,
HUNTING_IMPROVEMENT_15_NAME,412176D8C318EB4676ECFAEB65F67040139CEBA34D85F3CA53A4DEB6288BA696,
FISHING,79CEA8FF2BA190BBB1BDB045610C272C4C3C56FD19AC0CC07B380E08F736A476,
DOCKS_IMPROVEMENT_5_DES,06D4713D12C476BC6FC437F1888AD41278BBE36BC53A4FFE4AFD327268FFC316,
DELETE_SAVE,F942D1E183D020B635794546C43B30DC4DA379B9BBC0C3A1AB5F1191FDB605E1,XÓA BẢN LƯU
UNAVAILABLE_IN_DEMO,71A9237B17E1C9A7BA2EFB25A4081B62877368D300EA715BCAB0E6F9566849F2,Không có trong bản demo
BU_NORTHERN_WALL_1_NAME,974A565392F0B321C018EB86D3688D23635912BB5F47629AC657225B1C6CD9CF,
ACH_BUILD_HOME_DES,27F66F5C8E2FB8E16483AE6D17788B7555B44D2F2DDE311294A48F076E4F402F,
BI_EXPEDITION,6E3FCC16C2BB0D9BA0C0EBD77C1256E53F7AC68D83603E77B11D60CD5BADF556,
TUTORIAL_22,1DAFF059BA613737AA82F394029211E6E90F8ED65FE627254E2F91801A1469BA,
TUTORIAL_23,F38EA56030F7F4E94F3878046BFA2F3A350FA0196A2D7321AFD1B52FC14BF922,
TUTORIAL_20,A48011CBB6AEFA858957D1255ABD2E1AF223593419F90409BB90776095F6A76E,
ACH_SET_UP_CAMP_NAME,E5235E09F57CC834C474CB2837D61E61423818707AB7331E5CF8FFCFC6ADFB63,
TUTORIAL_21,9E1EC2219BC7BFAE4FE3CD4D4121A2C226618ED3AF1CD57BAAB1F9D5F0030B70,
TUTORIAL_24,7F6B858CC753C79DEC11C6B964968E556CAABC891F9FA4A00B7A7AE631B2058E,
ANCIENT_EVIL,CA3BAEFA8CF66E19B5F3CB69B4174CD2AE5B988762333F66787D10405238BEFD,
GOLD_IMPROVEMENT_15_NAME,6608F2F687B69A9F98B6645B72D394AABFDBAAA9D9549A3A69815A85703BB16A,
LOC_FISHING,17C4FD2CB15C6D59EA36A2EA2B5BCF2A6D927A2C3775A66D1590C2FAE95124EB,
HUNTING_IMPROVEMENT_10_DES,550DAD427852281EA69A441C9640FEED3FF7A410A1B07C9AD991CAF59ED9C56B,
FISHING_SKILLED_LABOUR_3_NAME,E66D0F9937A5BB94252CCED281AEBD7A49141E2553025875BF20CDEF582D7BB3,
TAVERN_IMPROVEMENT_6_NAME,29576135BA95B350D56E45D3ED15E99CABE2E3FBDE50149824DA93C6ACE8FB5C,
BU_CHURCH_3_NAME,2A0B0E590E3488CEA14656E6C4BEB311088730010DD2CBA9C583C0F5A99D6CC3,
QUEST_WARNING_TEXT,6B7EB9A0C153D4935BC152574895C109C5E947A9D142B3D1C4FB3871304138A0,
CHURCH_IMPROVEMENT_8_DES,CC0E1B58708E2D4969775BC60B10AC5C42D98E0C3FF3906328E627D68904298D,
GUARDS_IMPROVEMENT_8_DES,AAEA5965F6FD6CCAEE7355803289D7D13BAAB3F365A3D903EDA4FEBD2F9D861D,
DIF_TRIVIAL,73FBA898EEBAE76D9F6C38804ADE81068829D5642E073586EDA86A88262639C4,
BU_HOUSES_4_DES,C360642FC85E474619FDA5B51FA0DA568582DDAE0AE3A30BAE7A18878C238D23,
CHURCH_IMPROVEMENT_7_DES,0D0B39B4AFCAE1476ED167AC76292DEF94D8DEDA2675F99F063D41C91CE102A5,
ALCHEMIST_IMPROVEMENT_1_NAME,5462F5C051F59BCF253C4F45B49EC006827F4FB3271AF6F247B16F2403ECA5DB,
BLUEPRINT_TOOLTIP_ADVANCED,5F9C994AF552BD7DAEA951DEBDD8D29F2250C9AD244AAE62DBE4BD5BE84E64A9,
BU_HOUSES_2_NAME,758AA1848A799C3408EB0CDA593F6FBDC738123F109957ACC1C508C0A21B6847,
FISHING_IMPROVEMENT_3_NAME,7BBE3283F2046FF8466CA72878DC707777F7C2C5512479F8C5BAF90D6564D358,
GAME_OVER_TEXT,C11ABC08E091F0785E901436449D6FB8F92037595ED7640186FB7107B0FAD5F5,Quân đội Ashenholt quá mạnh so với những người bảo vệ dũng cảm của chúng ta.
BU_TAVERN_1_NAME,D763E242AB599F66132D6763D193E672A90429D355FEE63FDA9268A38BE9F672,
UPG_BOOK_PAGE_TITLE_TOWN_GUARDS,948E5AF905857944A40FE331CC922D2CC069CE81754BEE31519BBBDACA4175DA,
BU_CARPENTER_3_DES,A47F35E7A066A9A3A163052D9ADA2E986374D732C6490537F01B173756B41298,
CREDITS_PLAYTESTERS_DESC,C1820E460C412C60362AC2867CADB0D285F74047C99CDA03A36FFCE189622BC3,Những người chơi thử tuyệt vời từ Discord của Hearth and Hamlet
BU_WAREHOUSE_1_DES,5D4AFD23D6044BE6BF4AFA9BC1E00A8A6B44EBD1EA9E1D56EA3BB1EFA959E1DB,
INSUFFICIENT,CA57F7A4DA7EC5D203272E72B9F785ECDDE1662446526657384D5A6359B052F3,Không đủ
BU_MAGIC_5_DES,6F7CBA6377FD1A7A1BF701E0B3F8D3D45A4D45AF9DAD648835630FAE6C490326,
IRON_SKILLED_LABOUR_1_NAME,F0DC487687CDA66AA50C27DEDCC6A5C22650F9E6E9F93C5C7AAA8D9FEFCA2FC3,
HUNTING_SKILLED_LABOUR_2_DES,067844E297D6DC619E8078B76C7A3AB907680C514F66FC3EA486BA24503302F7,
BU_HOUSES_3_NAME,758AA1848A799C3408EB0CDA593F6FBDC738123F109957ACC1C508C0A21B6847,
IRON_IMPROVEMENT_11_DES,BC0186B82B3C22FF57543CA866678017CB19B9701D6FAD4E5F282CDDA07643B2,
QUARRY_SKILLED_LABOUR_2_DES,57B66CFE0031CEED21CAA9D97ECFF2EDA6859FB42823884DCA00A2470F8E2002,
BU_MAGIC_4_REWARD,A466A402792889127A8998A97DF5E08262825607EE21500418A8D6F2FBD3FBB4,
BLUEPRINT_TOOLTIP_EXPERT,B2EFEB4DDD1367911F1154251C7E04BA6670FA2DAEAFE82B60512B8F41D18BC9,
Base,7B47361AAD19BB483AEAB081A7DF0A55F7CB0FDB3327EFE6DD016E6353A17880,
ITEM_CALL_TO_ARMS_NAME,36C553F35780871EF7894648F7DE593A5EEA447AE425B856BC92EC2FB96DAFCF,
STONE_IMPROVEMENT_18_DES,33735E0D8C64C6AD8102858D3347E17068A3592F0AB5400C371C48022249FEAC,
IRON_IMPROVEMENT_5_NAME,CD56B83DD6CC960EF388A8D9D319EE0FFB2C57D20A22AA212E0BF768F2F1587A,
BU_LIBRARY_1_NAME,FBBD923CD7F940B71DAA08F2B56E2FCAC8A7DB6C0821A15E1ECD2F80B18CBA68,
GOLD_IMPROVEMENT_1_DES,8B3AA5E402EA143659F950393398792857AFF3A96C5B0BCBB2F2FC6FE08BFF7A,
CHURCH_IMPROVEMENT_12_NAME,48D71EA975FA43CC5383DE268424D40FEDFD3C139D41EB621082B9A1817178BB,
KEEP_IMPROVEMENT_2_NAME,CFA09844633362F9DD6F1CBFDBBC22ACF74CCCF2D3616AC4F41911AD35F9D1AF,
CHURCH_IMPROVEMENT_14_DES,AB4DA8EC9AADCA7B8D268391FB4917B7894F0220094CE86DE6E4E8034BC8934C,
STONE_IMPROVEMENT_1_DES,8E0400D03DEC90DCE1660A3554F260B2F78EEF36138D5A45D0A611BCC1325059,
QUANTITY_A_PACK_OF,04047337D3CAAA3C3DE55A2B94083BCD92B6D455D622A39EEC8F461AF4CB80FB,
MAGE_IMPROVEMENT_5_DES,A2F212FE68CD0BAC896C6FFD36C889D8F73886F778845FB7EEA7C2CB26C52743,
ANCIENT_TREANT_NAME_PLURAL,EC14726E8DB3CF3123C721E852C303D0F842DAB83B2597CADF8669302A3BF696,
BU_HOUSES_3_REWARD,E9C289637037FE8B4DB465009B0C966D3972F65D27E2A069E2CDFC8D7575BE65,
GOLD_IMPROVEMENT_12_NAME,35ECB7B3A2652825639CFE2FA3B180FC9AC833CEDFA63D442F35B2041862C92E,
POLICY_KEEP_LOW_TAXES_NAME,9A524F14AE6E58625245CCCC6FEE4228D6354512D34B413CE170106C7B467427,
MAGE_IMPROVEMENT_15_DES,125A0377D5B3B78A5ADEC24AD82511AE98CE8327EB1915E4219DA79AF0DE623F,
LOC_CLIFF,0C438BB629FAFEE2031EF90F09E139726894F4301A346424691A73FDBB4ABA79,
MARKET_IMPROVEMENT_4_NAME,8DB73BECD74800E006071DFD791F584BFDCBCF974A6F3BF333DC0C5FA8E7C14E,
HUNTING_IMPROVEMENT_14_DES,550DAD427852281EA69A441C9640FEED3FF7A410A1B07C9AD991CAF59ED9C56B,
BU_SWAMP_1_DES,1EAF85686773B75F175733FA39B6C69F3958B09D4304B00BEA9E451376201620,
BU_TAVERN_4_NAME,3782BEE063092702B793C4FDCAF7989FB0EFB1B397AFD9AAFC8B856927F200DF,
BU_TOWN_GUARDS_2_DES,A48F5C0E29E3D5A5AB2D0D8FA2BA8E3962BBE656EE8A1301A6BC46A27BB27CF1,
BU_FISHING_6_NAME,A85EA8C96FC9266100A00F4387E3698DB173CC49D804EED2E81D8380248B416F,
STONE_IMPROVEMENT_12_DES,F2CC46C638068BF8C30051EDC3118D54A260E685B4CEC44BA7C8C774255E4042,
GOLD_IMPROVEMENT_3_NAME,7BBE3283F2046FF8466CA72878DC707777F7C2C5512479F8C5BAF90D6564D358,
MAGIC_SKILLED_LABOUR_2_DES,E8264E5EF544EB4ECC43CD247FD5EE6ECDB6A31056BEA38836A8DBDF8EE8E27C,
BLACKSMITH_IMPROVEMENT_20_NAME,5E5F047D94F64DF42EAD69856102B4569F24F15349CFD55BAB4F5B56E259B0ED,
KEEP_IMPROVEMENT_16_NAME,7922819358C8F445CAE8A5093C8C9B22E5D02C86AB764C2D06A912F9D94F2B16,
BU_HOUSES_4_NAME,1922271290A2F11C636120B5593C68CE5E2CB2CA843084682D933A8D1127279F,
CARPENTER_IMPROVEMENT_10_NAME,58827843DA3C0969FE9236D33B4D70A362C8CEFFA802F28C5C9AFB5CF5625770,
BU_HOUSES_7_NAME,8242C91F791C890BE92800357FA59575BFB3D1DDAFCA848E9A09D09340C3EDF0,
CREDITS_PLAYTESTING,0407F332A316531A5271E203BAE1F4BB47081DF09757E9A4F6570F5A17BA58FC,Chơi thử
BU_BLACKSMITH_1_DES,8611F681A11448644AE57992DC2A90CBDFA87903698FD26ADB4FF65261FD01D2,
KEEP_IMPROVEMENT_14_DES,A6B16AB90B02D33DAC0667457991E23E6E1A3C0A699705BCB7FFE581E4CDDAF4,
GOLD_IMPROVEMENT_9_NAME,DBF066C5FAD58D779725DA5750040D94A5819C2E8B06E6FE550074746F961377,
CREDITS_SPECIAL_THANKS,CB4A5BF0E6D6FA89AA74A9C7576CD513F3311EC1E866AD490005AB9F22385C1E,Cảm ơn đặc biệt
DEBUFF_ANCIENT_EVIL_NAME,CA3BAEFA8CF66E19B5F3CB69B4174CD2AE5B988762333F66787D10405238BEFD,
BU_TOWN_SQUARE_2_NAME,70160B446509AA5BB3FB029E8BE6AE34DFCDF195E4EBFE88F1BC0B7A044B1B65,
MAGE_IMPROVEMENT_18_NAME,6EE935A438F2EE0568FF8486143E281178665EFD8BDBA16047D5334BD2BC3095,
ALCHEMIST_IMPROVEMENT_6_NAME,35C2664134C6483FAED98F8F785880D85C47248E084D81AE0EB76663EBDE6E8D,
BU_TOWN_SQUARE_8_DES,1637C7C49AE48E3E6D0F3002DF02600C97B6CEB9B3BC2DE753780664FD29DC50,
ENEMY_ARMY,1B77557A8FFAA41E8566ACE9A9B1A7FBDC90A003BBC07430A70F29915669F64A,
BU_FISHING_5_REWARD,7F15C31215AC49B17445B57A8498E0E62A59BED795E008F3ECDB4F6DD6AF7967,
FISHING_IMPROVEMENT_10_DES,40B3F11D92853153231C24258309CF34ABF42C4AAC93ED211ABBDC3CE14AD837,
QUEST_LOG_VIEW_DETAILS,90789C12D0731B4405F2065D3DC5A31651F31FF7C84EDEF11C0E9C97EAB4A75B,
BU_WAREHOUSE_4_REWARD,9E2D1C04CB3A9C02A3EAFDA212867F25CFF0725F78E6FCA4E55A96F904A6723C,
FARM_IMPROVEMENT_16_DES,43874E27909B161FCD66BACACD51820FF6A38D64320BE29238148CC634516F83,
MAGIC_IMPROVEMENT_13_NAME,AF04F3E31164E69203FBF9519088939E4D589D4052B943A2A1AB57F3B05FD5F9,
ALCHEMIST_IMPROVEMENT_3_DES,2BFB46BABCF1DB82E349C908108325327B304885BCC69006269343399A020F42,
GIANT_MOSQUITO_NAME_PLURAL,067B4162D8625E3C3093D8D480C7F1C3D19E3F92BE81093FF96AD3F58692EA96,
CARPENTER_IMPROVEMENT_8_NAME,FF378A60DD923AE663709D23826A68D7237EBF150C0284B21AE29A334884B43F,
MILITARY_UPKEEP,BCECEC787A8CEB935AC8F51CEF75305FB37A5FEDF018EE406A0B3F75903CC0D8,
QUEST_LOG_ALL_QUESTS_COMPLETED,3BE4C18B6EE230CAB1822D9A5347BDE7BA5F832EA3A9FD34B7324455366F5550,
ACH_NO_ASHENHOLT_TRADE_NAME,763BBC313DD9270D55C07222414A0911ACD76FA2BC32648F53FA36F647742B9E,
GOLD_IMPROVEMENT_4_NAME,A6874DC6C75007AE5C584D3AC76B7695C123D45A029E239FEC1EB81D40527541,
BU_QUARRY_1_REWARD,80C584D8ADD087D85BDA5585BA3BD21AE752712F5FFA49D3836116D5A5889DC2,
FARM_IMPROVEMENT_8_NAME,99E13F91A4B90C8E068FD0C7E8AB2FE47AF5F18C0892F6FD743A4AB96AF670D4,
BU_MARKET_4_REWARD,404CB7966910D314893068ED7631B2A6D0B4D35E20416F40B975C9771FE8A37C,
NOTE_RESEARCH_UNLOCKED,B22FBEBD366FACF16E3A7AF6AEA311DEBF8AB3FFB378CDDDD1D37EB3E7AF2276,
ZOMBIE_NAME,4C876E938C74FF4D6EE0E587623ABF3C4A399188742B9318A786B2DD108489BA,
FISHING_IMPROVEMENT_6_NAME,A732E8BEE213AB192E1AE2E600F32CDADE63ABD057F5AA85A0CC6C407BDA27A6,
ITEM_CHURCH_BLESSING_OF_PROTECTION_DESCRIPTION,749B8CE5E2C2B77C21933A997A601B548AEB96FCEC50BF8DA593913A86CD0DF5,
ITEM_MAGIC_STABLE_PORTAL_DESCRIPTION,4FE24FCEB04D7CCC705463F52D8D4A335EEE296EF752FEE137DB3C2624B78E2C,
BLACKSMITH_IMPROVEMENT_17_NAME,01A54C99F154BE776A68884F144754342B26E65DDD8C4FF18C7F12F7F30DB0F1,
CHURCH_IMPROVEMENT_14_NAME,3D4DB525420B479579CD0EE79FC6E9C32E93DCBF6D140F16CFFADAF3FFFD8B6C,
CHURCH_IMPROVEMENT_6_NAME,87F270880CB3493480987C49607E2D046FB325696C0D29BA13F99364C4AFD8B5,
BU_HOUSES_4_REWARD,E9C289637037FE8B4DB465009B0C966D3972F65D27E2A069E2CDFC8D7575BE65,
ORC_NAME_PLURAL,72514F1CA1C657802C1682EB710ABD7920615DBA229890EB203CF42C56154329,
NOTE_TRADE_DES,0C109E62332E2B1B6C7D1AC220D2776BAFF5837DF79DE96205A3F87D5990CB38,
QUEST_DESCRIPTION10A,993D6541FDD1FD9ADAE7DFED1D09EFD512BE100F84B78B67D7CCA7F90B375BD5,
MAGE_IMPROVEMENT_2_DES,F1FC52C24437C4C94AEDC09F7A68A59236192B2B329AA7755748864EB809E752,
Research,979D6300FD9884FF8D8E03391D524FED8E88CD5560788F065BA2444DB3B7B20C,
QUEST_DESCRIPTION10B,EAD448D344864C8DF2086D33D6AC7D34E7E427606421141ABFEC38A8401A8400,
KEEP_IMPROVEMENT_10_NAME,8E41251E9DF87B51977FC7ECB4A8AA2F49E06A54F68ED15A850B9D79F39B02D2,
IMMIGRATION_POLICY_GROWTH,AA9A813768AA527C9E2A3106669469A2C0BADCBBDC09FB154CD6FE1658670300,
TOTAL,C9B3C38247F744E17DD26FDA097D6A9BA9332586B6BDAA038BF8F313A863F2B8,Tổng
TABLE_OF_CONTENTS,A9360E0212A4D173581C91DA68494D022EE55871188BE00ACF863D2ED0CF7A6A,
BLACKSMITH_IMPROVEMENT_12_DES,B6D7435F6B78322C85C826AC477817FC14F683C42570369532E09E1FE77243B3,
BU_HUNTING_4_NAME,7EF5DBBFC0E57C5D881AA008369C769778FC0CB36AE6573BB1EA87FFA7F2C7F4,
ACH_DEFEAT_ASHENHOLT_NAME,0EB44F097FE549E11BA9450D61C21A96373A501BC52A2CE3C3547BC0800E495F,
HUNTING_SKILLED_LABOUR_3_DES,067844E297D6DC619E8078B76C7A3AB907680C514F66FC3EA486BA24503302F7,
CARPENTER_IMPROVEMENT_3_NAME,0ED5C2FA72DC1FF41BDE65837092040C750091CB3EEF7113E0E3FCAF2D43A018,
FARM_SKILLED_LABOUR_2_DES,66C320CCC1EC3B1D932AE05287A28A05BD61A511DCF309DA42B209A86C0A0D73,
MAGE_IMPROVEMENT_18_DES,FA2249B4E39E399261046105236F3A630F201F840DB18DB1C7E49418F42A6CC2,
MAIN_MENU_CONTINUE,DA518BFBDA4EB9DA3EF07E330B5BB06EDCD583A2F9E5D482499EB7CF4AEF501F,Tiếp tục game
DEBUFF_ANCIENT_EVIL_DESCRIPTION,15A4A18D247DF52F8B0C6F48FC3F257A09DC39BB9472B6CAD4B82726A3B4AF9A,
MARKET_IMPROVEMENT_11_DES,B8790C93006DEB96EE6B51024760879B5B81C866EDAB8755D228793A5038A446,
MAIN_MENU_INCOMPATIBLE_SAVE_LABEL,CAF3450C538B06F567B3161A7F211DC61B90DB997C1C367C8F040CA241C6E420,"Bản lưu này đến từ phiên bản cũ của Hearth and Hamlet.

Từ đó đến nay game đã được cập nhật và thay đổi nhiều nên không còn tương thích.

Hãy bắt đầu game mới hoặc tải một bản lưu khác."
TRADE_BUY_LABEL,64E3CB0E4960BA69298843D481376D1CE7B92CD43CF70E61A982DA651C0335F3,
MAGIC_SKILLED_LABOUR_4_NAME,803F3A6ABAF06FEFFED0AA13A0027734FFB4511C3AF10B17C2C36F37D1F508BA,
BU_CARPENTER_1_NAME,5525408A338CCBA41B3D66A811D7BD7BFFBB0FF4A1334E0370F2BD5F7424B1CC,
BU_CARPENTER_2_NAME,50A7E2856A5C6F5DA232370DD747070DE73127E8F78CAC1FAEC901411F97733E,
FISHING_IMPROVEMENT_8_DES,047DF7F576A77ECB68F85A63C7E8E0CD6495AB84061CB98F0D75296A32E96AD3,
CHURCH_IMPROVEMENT_5_DES,189DFD453B976605C803B2C174148FD723CF92BD879B9D3ABC622E0B32308E8D,
MAGIC_IMPROVEMENT_4_DES,9AC6A37D9831DECE7BACD18DF01482D59ED19FF0E5B4C749DE623E368E198E5F,
BU_HOUSES_5_DES,076480719A8B4E510AD7BF2868D05329B728E21C7814D62566AD433D9FFE609C,
IRON_SKILLED_LABOUR_2_NAME,53D6CDB0FED1C70E482F041F0358D68F3D6B6073E1D59665298EB2CCA0065E83,
BLACKSMITH_IMPROVEMENT_5_NAME,FF525969F735C22F0EE40823043710A5909C940A18441B1DC607473038518297,
POLICY_KEEP_LOW_TAXES_DESCRIPTION,0682A97F82EEC240C2F28A6DA5C7E8E303B5BB0D448889AE436379900A1853ED,
BU_TOWN_GUARDS_3_REWARD,B83A4DCBE7D5EE4BA2137273BCFB6D1FD2193B5CA4E4CE7099F2DE3A1569CC01,
BU_CHURCH_2_DES,9B4C2A9DF7C17F50F7F899CF4FB661F20FFEB7DB916097C744456B390493A0D8,
BU_LEATHER_4_NAME,5A0489D2F48ECF8BDC09912DC234BB466DAC8FC742042B2A304278C0274E56BD,
HUNTING_IMPROVEMENT_14_NAME,35ECB7B3A2652825639CFE2FA3B180FC9AC833CEDFA63D442F35B2041862C92E,
LEATHER_IMPROVEMENT_11_DES,7E74EE946307D6D5C37AB85B343A1465342C90428EE5541FE1DD6FBA2A0A3007,
ACH_BUILD_GOLD_MINE_DES,5BEAD884E32DECC6234C1A6E0B42ED2FAFC85F71EAF2134673946170A9804E20,
BI_POLICY,C611981FAB983BC648368EB81240F5A5A1EFF07F40AA4C9FD155600A98EEB6AF,
FARM,3457B1617FE56912104FC55806C28DFCA8A70A42AC40E6569982A79A71141365,
TAX_BREAK,00904F0B37B8E3A6CBB89D16415330D6984A6C51C78A5E7E6C889589CCE3B914,
ITEM_ALCHEMIST_HEALING_POTIONS_DESCRIPTION,123FFDEE6B23C29581D959D2D14CD20BFDB5191D792DF760B53193DFF7FB3887,
POLICY_CHURCH_ALMS_FOR_THE_POOR_NAME,87F270880CB3493480987C49607E2D046FB325696C0D29BA13F99364C4AFD8B5,
BU_ROAD_1_DES,C39BCD57D2A693DE75983BB5B68C2649FE4B6FFA363D2D8FE8547B3F949A5A28,
FARM_SKILLED_LABOUR_3_DES,66C320CCC1EC3B1D932AE05287A28A05BD61A511DCF309DA42B209A86C0A0D73,
ALCHEMIST_IMPROVEMENT_11_NAME,C41961C4DC6884F23213949DC630097A05FE5C63826CAEACA0F23BCDEDB0EC51,
MAGE_IMPROVEMENT_1_DES,E4FE069D711294EF372263430768DB39D14DD6025085F06EFCA2E6FB7A353CD1,
QUEST_WARNING_RETURN,EA6CF4103776D566855E9F39A44CABD55DF6748FA0317C63D81D746EFEBCD771,
KEEP_IMPROVEMENT_6_NAME,E8B5EAC46D8984AD252169DD7E3D4E0FDC022CEEDA324F417324DCE184DE84E5,
ACH_COMPLETE_CHALLENGING_NAME,CD8903A0EEEFFAA187C21AF3BA5F04B6DC2F87C4932C0E3569AA1E7BCA5B476C,
TRADE_CARAVAN_SIZE_LABEL,C8E86ACFC07630D6C050FDEFCB75173550D5DA9B19BA98996F216BC0F4B6FFDF,
Efficiency,87B180C8F2042D97AE03BB27B19B110A05C3BDFF94AD48133633E73A5C82CC1E,
BLACKSMITH_IMPROVEMENT_11_NAME,FDBF4BC8C343485AA4B98935E7A66BC7A5FF32E9FDFEC4818AEB2301686C5FFA,
MILITARY_UPKEEP_COST_PER_SOLDIER,1ED30A72782915E7FD5630C5F74A5F41D8CD551ACE2955DF1B72AE0E9EE4BF8C,
GUARDS_IMPROVEMENT_1_DES,2280FA367DD58054C704954D15CC577005E073215D67065755E46398BAD6BFB1,
BU_LUMBER_2_REWARD,AC41D8589DA173F344523D1DCB40E40F900E14425C776377D0479AB3B632097C,
NEW_PEOPLE,A0B20F108DB5EACDAA091C61DDE7A13E2C778F3EF00EBC623DA1432FC6D29B8D,
BU_FARM_4_REWARD,6863B96C608CCA1732A699C0F26A20B883CAB0420F3ABE9F7A57D022053FC4F4,
ACH_COMPLETE_GENTLE_NAME,BD0BFBF3B7C06BFCF2DD0A244A8739B8B11BF0C91546F11C0CF8B208D38BA7EB,
LOC_FARM,3457B1617FE56912104FC55806C28DFCA8A70A42AC40E6569982A79A71141365,
MAIN_MENU_LOAD_GAME,DC415DBD4B1A1ABE033C1A27EA11939A5AEFEB2EC417D4D37F8977E04C2F7F28,Tải game
NOTE_BATTLE_SUMMARY,18170B0077124D29A24A2A769AD9BBF050A3C517DA4D9AFA9E047101979F1B65,
ENEMY_THREAT,56AA198A0061A47DFF2983B6FE48CB02A9B30AB7ED67CE377DABC6F3BEFE1765,
POLICY_KEEP_MEDIUM_TAXES_DESCRIPTION,F2B89606EDCE0E3BA4FE36DD04C7EF552195DF726E61D9C72C325FE5F66356D3,
MAGIC_IMPROVEMENT_15_DES,95F2448AEA2C0A19FBCE601C6FAAE6068837EABB4446E11CBDDC3CCA2B0AF869,
RED_SOLDIER_NAME,0BDCBBE12A61CBD393095C498C3D1018F96753382709C654891A070557848D0A,
NOTIFICATION_POPULATION_STARVING,6A5C4E7E842A8071C98913466E0E328953899267DB3E60FA348C8289155256A6,Dân số đang đói!
BU_TOWN_SQUARE_9_REWARD,4C179062CAA9942B325DA5639527341EFF4FB0BD6D36E880A56C963EA587364E,
BLACKSMITH_IMPROVEMENT_14_NAME,525065C8206697D4541B40890CB98BF83C8625561DC02EDD91710FA0E601C9DE,
CHURCH_IMPROVEMENT_3_DES,3AD53AD4B4EACB3D1E5AA967432083FA05696857AB5880A9FE730AE9870D5475,
QUEST_OBJECTIVE10A,438F5CB252C8A140BAAD04B09A1E666A1F7DCE56901A1CFA72908193FF692D3F,
QUEST_OBJECTIVE10B,86BACDA3FF6B54336880400180C7D452060785564F75622AAF33BBC82ED81B9A,
DOCKS_IMPROVEMENT_5_NAME,2400CD8EEABB7E88244EE970D80E01D44B4BDCE24065670F52C788C2D89D57A0,
BU_KEEP_5_NAME,419FB3B818E6E1061468F96A4E30A1831B2A1BF3BFAF4CB080E207E70DB53D38,
BU_LEATHER_3_DES,8020F29DC96312A0DC1DB350BC692D4C17C183CCEF5C1E0A3BF562F62EE246DE,
BU_TOWN_SQUARE_9_NAME,C00B0475C89DD5774C0B9B8F54187F25E0B0F2CC489E13DFB7FB72830B8CD40C,
OPTIONS_MENU_VSYNC,784DE207526E7B9ECBF9753E9A9C97B38612BBECB1127E7D9311F934E7969ADE,V-Sync
MILITARY_TOTAL_MILITARY_STRENGTH,997CBB862E9CFE70BEFD4E3A811911E226455A51A5215D71F78A69D04CF1B9F7,
WOOD_IMPROVEMENT_15_DES,AE31FD2E3BD2585C73CAA188D5956B2A0C34BAC8A508489AF07DDC0523244939,
BU_ROAD_1_REWARD,9C2BC546209098567080AD41553B394301CB39D72553EA2E3BCE58C107B72CBE,
BU_BLACKSMITH_4_DES,EE01F64F76D77919D116AF6AA778D59A2A588682E3AE030AD4EBC4F64AAF93C0,
FISHING_IMPROVEMENT_7_NAME,99E13F91A4B90C8E068FD0C7E8AB2FE47AF5F18C0892F6FD743A4AB96AF670D4,
HUNTING,EB907B9BC3A769B6216EB2301C85EC3A0BD36F854392687F8998C6722CA44A9C,
MAGE_IMPROVEMENT_13_DES,ABDCA3F801BEADC6B90BF09177F7B9F0D18A5635CC1C86F8572C3D1EDC4E5F0F,
DEBUFF_RECENT_STARVATION_4_NAME,191CDCA6364C38F57B3D7DB8C6684EF76ACE7F25E07CBF6BC5D94D2231CBA959,
THORNED_PLANT_NAME_PLURAL,68A7E0AB38AECC1DA3DFE6E9A64BD82CB7F0C76B76065B0AC290560409FA6B06,
CHURCH_IMPROVEMENT_4_NAME,E106C361CD2CA8C1767DD9FD457C18E55F7125FA2D81338D91AEAA5278538B8E,
BU_LUMBER_4_NAME,BB70844DBFE7AB5307921ABA9B185EA0EA164FE6324B5D7A4AC2D72A2287C8B6,
BU_DOCKS_2_DES,E2089EE71E6451D4F379984EB3118A4725BB170454A03A1F2656C322A22895B1,
BU_TOWN_GUARDS_1_DES,08C9BB6F9E328072E7867961253B6552F2D26ACCFDDEB0799C06B63E40724D49,
SHOP_ITEM_SUFFIX,D00AAE6B7FBF77A4566D8DF36805D7AE973894DA9F533EC96516B31E028B71EB,
FISHING_IMPROVEMENT_13_DES,40B3F11D92853153231C24258309CF34ABF42C4AAC93ED211ABBDC3CE14AD837,
LEATHER_IMPROVEMENT_2_DES,EF5A42FF7664DD58C16E2CFA4CD284314DCF6DEACED9EE386EE109DB895C2E9E,
LOC_ROAD,A22E0B1FC3CCAD47072C7299527D17F26F000A721E9EC6AC42B55F035EA7784B,
BU_TOWN_SQUARE_8_NAME,BB782E0FE71DB4E6EA1067D932BC3549DB4AF900CE9463760C26A8EF53DF06C8,
BU_FISHING_5_DES,6DEEC7F434DA3935BB87D43EDF11D1C3F64DA29D6A4330E123D7FA1C492F0D0F,
MAGE_IMPROVEMENT_10_NAME,C0723212AA570736C057011DE2286B275A10E44F1D722426027B157CB933D7F1,
HUNTING_IMPROVEMENT_9_DES,8CCFC8803202315B206CE300463C90FB2D5B9705CE3A9CECE8B394A1638E22B2,
QUEST_WARNING_PROCEED,7E9B5BEED1F964AC7333D8C36A97A4E48AD79F9E058F88FF7CDF1481DA2FF827,
MARKET_IMPROVEMENT_14_NAME,F09E7CB492EEB3BF22EDB5F4739462BAAA0CEFF9CF7E139BB79681B2163E91DD,
SECONDS,59F006D63BD009B7F1F1D7BD7E29E1F3B9DB6505CE784CA3216EA90C6D6DCB11,giây
MOSQUITO_NAME,BCCB72F7F5F5CD431D905D9571A59A9EE9120BAAEE6E4827B7D64534836FB0E9,
GUARDS_IMPROVEMENT_4_DES,B5AC5690AA9C66EB2D2ECBDC8E223F7045D8C731A49E3334BA469F06CD8CD201,
FISHING_IMPROVEMENT_6_DES,A74C1424C96CCA6DD0302F25B422D438C17C12185DAE8C900FB6991A0A79E8CA,
IRON_IMPROVEMENT_1_NAME,7BBBBA17D6BD808610DCB3334E41F783B705DA42A418D0D7DA535EFE45302FF6,
TAVERN_IMPROVEMENT_10_DES,878D9213B3D74717DD62B05C9F5C03E585BB6A09C082A489BD18442B05AD33F3,
BU_TAVERN_3_NAME,C2D7CBAE6A74B8AB65F13FC4E7ACC60BA4AB014EAD9B8F60A6B326067B034F98,
POLICY_KEEP_HIGH_TAXES_NAME,2EC09E593D587E22A347B33E2E07A6C08F95E9F9A6F50740527FF0CC511F474A,
BUILD_MENU_REWARD,55AC8CBAE095AACCEAF1E9D9EFDF022F597A39780820ED9BC24E2F3E5271C351,
MARKET_IMPROVEMENT_8_NAME,6F6A3AAE3C93785851E7C21212DCFE3BC7E3F4FFA529647D1C8C9D838616BE4F,
DIF_MODERATE,5C42AFC7A23018D32DCFF346792B575BCDF63BE118B98A61084B1AFAC32B93E9,
HUNTING_IMPROVEMENT_5_DES,0166CA860B90AED1EE5B031A43682CA87DBD889F5A4DE13894E4CB7F8E6336F9,
BU_SOUTHERN_WALL_3_REWARD,650F0EC5F7CED546047E2D3A8A37244BBD01F9619F64D6B762EE9E484B5F6A7C,
IRON_IMPROVEMENT_12_NAME,35ECB7B3A2652825639CFE2FA3B180FC9AC833CEDFA63D442F35B2041862C92E,
BU_SOUTHERN_WALL_2_REWARD,D12F87CA17ED848945C86D7BD9F7193B2B379E69625DCAB6AC2718C103477243,
SANITATION,5DDAF76941D35BE08FFF957D71575432C903FE04028D28A58220DCB5DFC34B49,
MARKET_IMPROVEMENT_13_NAME,95E3C2313DC8DE0C74ADD8FBA055898902F1789EB20683FD691C4D280CF5F8CD,
LEATHER_IMPROVEMENT_6_DES,6D3BE1F4EA8624A628A06E525453607AEBC59B1495D5568F42572D3EDF04EB13,
BU_NORTHERN_WALL_1_DES,04C25B587A288637C481F2D9DC87A5AFD1B502CD6EF950ACA435C6512AC92C82,
GUARDS_IMPROVEMENT_3_DES,C50BAC32E82882B42A8AB3E250A9FD009C174DCB03F852FC2C99403046DB2334,
MAGIC_SKILLED_LABOUR_3_DES,E8264E5EF544EB4ECC43CD247FD5EE6ECDB6A31056BEA38836A8DBDF8EE8E27C,
MARKET_IMPROVEMENT_1_NAME,D82E20378A0B4699DA3F5C764CA423D9DCAB60887CF7372FC2487DF24C3E9135,
%d seconds (original %d),E044E83629B5FDB18F1E98079599DB52372E03B59ADD59776701C16340253936,%d giây (gốc %d)
GOLD_IMPROVEMENT_6_NAME,A732E8BEE213AB192E1AE2E600F32CDADE63ABD057F5AA85A0CC6C407BDA27A6,
BU_CHURCH_5_NAME,C7ECB3D9FB53DCCD898801944DF1E3359092C4504551DEC21457ED2786842B30,
LOC_SOUTHERN_WALL,E6F7C7CFD053ECE01198F2D6D5755D62D3CD6210E8507679B8FD51FE12831EC3,
POLICY_CHURCH_SOCIAL_WELFARE_NAME,DC6EB34A998EDCEBE44A725B2BC8D07D478E6B67C1537A420A1A85A928045551,
FARM_IMPROVEMENT_2_DES,90A90F570C101A3786ECFCCAE00E59485C204472DF7683D867A029E896253C82,
LEATHER_IMPROVEMENT_1_NAME,C5707B311A67651A96963483C36B589FD08E991B3A7EF668162F1035C56FAF9D,
CREDITS_MADE_WITH,42C6B818DCBCB4C3EE41686689BDD41A3E67FE91D37F4DA84AD89F4D62987BB8,Được làm bằng
LIBRARY_IMPROVEMENT_4_DES,D8ABA700A1FA43A6B4B8FACA2A3B32F05C7F06F2BA9995E2C0DFBBF1468E9EB9,
FARM_IMPROVEMENT_13_DES,D1CC1F4D250C3539B77A7344393F40F55F8C87A3B8C4F3EE598D3C5AF60025D4,
BU_SOUTHERN_WALL_1_NAME,974A565392F0B321C018EB86D3688D23635912BB5F47629AC657225B1C6CD9CF,
CREDITS_SOUND_AND_MUSIC,90B6E73513AF0D75FF8E918CE4883BB0740041081C397F9C89A910DE14A2986A,Âm thanh & Âm nhạc
HOTKEY_LABEL_TRAVEL,B3320BB4FB4EC6C7D3849117AF4918F820D8522CAC8582903A1FA55EE723D4C2,Di chuyển nhanh
RED_SOLDIER_NAME_PLURAL,299AF45BF94F9790230F7D33AE920C76671B5D685B5EF7DAC2AD458E9F7C56DF,
BLACKSMITH_IMPROVEMENT_17_DES,C61CB70DEA19306423D4E9D2B2B9146E6D1633F4640D82FC4D1A1CF9979DCF4F,
LEATHER_IMPROVEMENT_13_DES,013857F3C749D9FC9C51376C1A12C91988A87D9BDA701365662F2E9ED98F98F8,
Select options to see cost.,413553397F35B2084CE948EFD93767DF86D833D151B77124F6006E5DE08EFE98,
GROWTH_MEDIUM,8E588CD187741F1CD76F5FAB77B7208782A8C21D764CE7D7A4CF3AC4E0968873,
BU_LIBRARY_3_NAME,70DDFB1DE431F8DB183CA2048F7B2DB144DD7B103B7DEE8DD8DB1D36020D408C,
GUARDS_IMPROVEMENT_14_NAME,9B3B84C171BE4416FC4FB719EFB50538EB89335B808506F81F16AB480F101251,
HARV_IRON,BD223C81DE7E86DA43EEE0F9ABF0B2B87E7A9B0AD3B6E215EE55E68D49B31BA9,Sắt
CHURCH_IMPROVEMENT_4_DES,635A3B16C5D3EE8A4AAB9325A4969FDAD28CE037FCBE4BC12F726EB4DE29705E,
QUEST_NEXT,1FF57A29D7C9D11BDF61C1B80F2B289B44C1EA844824D4B94A0D52B6BA5FC858,
MAGIC_IMPROVEMENT_10_NAME,529FC380672718DA40A4AF7E10DA453794D5C909FF5809077CF76008637C9E5F,
ENEMY_CATEGORY_ANIMAL,3F257E684A3BEB0E303FE0572AB07E1DE2950880F59821B6FF7449013EE3A063,
GUARDS_IMPROVEMENT_15_NAME,340BD752472413CBE10A5B9C42152075700E56198EBA9CDBDB51E7CF5BAEB30D,
WORLD_MAP_DEMAND_HIGH,E4058E8828EAA7FF683C5F13FAEC803FFDB64DEC0ED877889DEAE9199EF807BE,
FARMS,A9202174814542A75CA9820290545B5F912A460FF949B8D069B71BB538EE5EAD,
DIFFICULTY_VERY_HARD_DESCRIPTION,2C11A10F75813BAE7BA9B41F946591F83EB9E8E58347D1465CD90D1C00BBC17B,"[b]Quân địch xuất hiện với số lượng ngày càng đông

Không giảm chi phí duy trì binh lính[/b]

Giữ kinh tế ổn định mà vẫn phòng thủ vững sẽ khó hơn nhiều, nhất là trong các nhiệm vụ khi dân của bạn gặp khó khăn.

Hãy chọn chế độ này nếu bạn không ngại tự tay quản lý từng binh lính và nền kinh tế, đồng thời khéo tận dụng giao thương và các hiệu ứng tăng cường đúng lúc để vượt qua thử thách."
TAXES_TITHES,2CDDB351B8DF57649809003DF3F0A29447233CA1EFA72B827CCE22A262A62B6B,
BU_TOWN_SQUARE_10_DES,D8E728F01E1104374B33B4F8FB0F846D64A10521BD552610324F7A16EE10915C,
GOLD_IMPROVEMENT_10_NAME,E979EA2DF505DA75D448E38CEA41F6DD7E75826B4CD4019F142191805E5C066D,
QUEST_DESCRIPTION31A,8F00ED288C8772DFB37476682BBB0B55170DF7D857095F464981912F79F0710C,
BU_BLACKSMITH_2_REWARD,3118B76346C6E35AD533B8E2C006DDB007E9F3F32AA8208CE75B531BDCB3DDF6,
MAGIC_IMPROVEMENT_3_DES,95F2448AEA2C0A19FBCE601C6FAAE6068837EABB4446E11CBDDC3CCA2B0AF869,
QUEST_DESCRIPTION31B,A82C46271F5F830D51E213E6180D2F485018CA316F9E0E3947182C488DCCB29B,
QUEST_LOG_REQ_CHURCH_LEVEL,EE6B7E05400249085B73A20F4D52D1D8FD7A4A2C3EB9C3F10361F65729B450DE,
FARM_IMPROVEMENT_6_DES,15BFEADB00018FB63D66E80863B7C23CB2055372109CED6DB9339052B5F9A0DF,
GOLD_IMPROVEMENT_4_DES,8B3AA5E402EA143659F950393398792857AFF3A96C5B0BCBB2F2FC6FE08BFF7A,
BU_IRON_MINE_3_NAME,C62D768854C23DB8E70DE14E19F8084E25D15798B0F011D806943EA394DBF71A,
BU_NORTHERN_WALL_5_DES,832F783C1A9C971CEADCA8D944F09453B8345BD5AFDB8A8044D26B3B8F6D92F5,
FISHING_IMPROVEMENT_13_NAME,9414A53F92ABEEA4E49BFE27E30B13CAEE76DF8ECFDD9446D1117193B3B27FE3,
ALCHEMIST_IMPROVEMENT_4_DES,CFD7568884B8AF6E5BFBFF92EA606F35D9DBE13087E5231BE2901B7D02860D53,
HUNTING_IMPROVEMENT_7_NAME,DF9DC4C7E79848744193400CD2B28A7D2F6B5A247DA28A5A1FF327C33A8557DB,
GOLD_IMPROVEMENT_2_NAME,3A8D4E3601E2DF1FFAE94B16D141D66A113833360FCED691D8F8AF3C46EB52D0,
BU_SWAMP_3_REWARD,9DA699A8E347D5B2ABF6706025ED52940A5950D6D3EF73A59531510F996F2084,
MAGIC_IMPROVEMENT_11_NAME,68055AC4B71BE309B6D2D657BE5CB6D8145DFB8F8D3C9CDDEFDB2F6723BF697C,
BU_HUNTING_2_REWARD,149F33A11D57A83ABB80BE68A844D535B057C4981A13174BFC163A29A2B659B2,
BU_MARKET_4_DES,282627D2ABF71D6CC104323807D8637DB17B9F611FF44CEEDA3B7E70F6FDE920,
HUNTING_IMPROVEMENT_6_NAME,A732E8BEE213AB192E1AE2E600F32CDADE63ABD057F5AA85A0CC6C407BDA27A6,
FOOD,E4EB18069D65AAA901CECB66371155F389643796428E9D54C5F5127C91AB3FDC,Lương thực
CONFIRM_DIFFICUTLY_CHANGE,BE75359CFFB3D2F639F12C48B2B06D50053EA43CBE55C381D64481CDF31A2A25,Xác nhận đổi độ khó
BU_MAGIC_1_NAME,B62E76D6487B5FBC6BBC66C1C1F2B0AB4BD16A07143BA25167D3295970EF02DD,
FARM_IMPROVEMENT_13_NAME,191DCC865F46B08346DF86BED3A1EA1B03E3C92F92672C2B9E66B20BF42D6747,
BU_GOLD_MINE_1_DES,38FE5949EEC1FCA8A45A327BD3E8B2768BC3AEAEB8A12E012319B7D2253C621C,
UPG_BOOK_ALREADY_PURCHASED,546F381F7D423A68894E12672D6A5B5570E2D2D285A7D10417DE7CE45731CABD,
DIRE_BAT_NAME_PLURAL,366DE425DB3488252D9E8E5702A2C0F014A2340160C7BF445E2FC93A278B45C7,
ASHENHOLT,3046EDA6C89ABED5482A2ED59069B054D54F297E1E1490BE6AFB4F95D84F0B7B,
PLAGUE_RAT_NAME_PLURAL,61E7406A283000C06F7EFD81E08B3EF0CB9AC611E820F7BD74FC3158C4F06449,
BU_MARKET_2_NAME,D7DD3D1ECC6DF5515A028F1150C2021B672CBFFC701BE9DB00A08C815FCCFDAD,
ORC_WARRIOR_NAME_PLURAL,B409A988C988D89F642D00074079B7197EB6F5A1DD2638E187B5EBB89B15E97C,
PLAGUE_MOSQUITO_NAME,BCCB72F7F5F5CD431D905D9571A59A9EE9120BAAEE6E4827B7D64534836FB0E9,
DEBUFF_RECENT_STARVATION_1_NAME,6A61603DFAAEAB3F3B759F52226A30920FE3ECA4BF2A5A7A02463C9ADE76E539,
SPIRIT_OF_JUSTICE_NAME,F4A1853C85D8B733DA40BF4CAD573237AD8E8F151C2392AABB43F9AC575B188B,
QUARRY_SKILLED_LABOUR_3_DES,57B66CFE0031CEED21CAA9D97ECFF2EDA6859FB42823884DCA00A2470F8E2002,
CARPENTER_IMPROVEMENT_7_DES,42DB1D1756886A679851538C9BBDA81C037A242DB0599584BCE6B2D5B5D6FD5A,
LIBRARY_IMPROVEMENT_3_DES,B7FAA49C07E5098A1F67FDEACDBB90733AAB4AAA2FE2A0F726AECE26615558AD,
UPG_BOOK_PAGE_TITLE_DOCKS,5D61C77911CB5FCCBD6DCBB66F25C4E70AE794041BF9385077F350C58A430639,
BU_ALCHEMIST_2_REWARD,E94251EE24F1C1A1A6B38BD4DAA9495F56C7A2B38F496E697588322BAC29119E,
GOBLIN_RAIDER_NAME,9C1A144AD588196B905414F5D42A09A35C5D9F3430647E0657B2D27B5B891542,
BU_IRON_MINE_1_NAME,6E8F987D742626E153789D66B29B072E497BEB6A74884CB2B894D009303AD4F3,
BU_TAVERN_2_REWARD,9BC09C099EF005F42524514A7C65FC76AAD41228921065CC19BAEB2FF9348DE9,
ENEMY_CATEGORY_UNDEAD,A5BB6066391197B9B53C348C977A6B1FBE97575905481E8D6B034DFA095C2CBA,
END_DEFEAT_COUNT,936CDC19E6B146D2A09B6D9B1C068912AFCCFCB15FA90438FB232903C8D75D30,
%d seconds,D86AAE148D3B8CF4484D1B918B7C2B2760C62624D909B20FC9936DDC23CC9968,%d giây
HARV_FISH,79CEA8FF2BA190BBB1BDB045610C272C4C3C56FD19AC0CC07B380E08F736A476,Đánh cá
TRADE_QUALITY_SUPERIOR,9E88817F791B050DD4130420305ACD6BF85D0EB727D40F8A6E558602F2DCB3E3,
UPG_BOOK_PAGE_TITLE_FISHING,79CEA8FF2BA190BBB1BDB045610C272C4C3C56FD19AC0CC07B380E08F736A476,
OPTIONS_MENU_SFX,62CFDD08B935924CFFC1A7EEF525B8E9740C2B32C4CE019587C2E8FB3A29CF4D,Hiệu ứng
BU_HUNTING_2_NAME,D489623E1F0D76997E61394DA825754073938204B949F45C83640AAC36D33DD1,
BU_MAGIC_2_NAME,E0163EAC29BAE5659E1633A98A05E94F7F2366B3AB7F12AAEE06BF24EB6D4734,
ORC_BERSERKER_NAME_PLURAL,670E2EDC68A0059E0027302E9179097FC56034B7A46998F02120F5CECF10F862,
WOOD_SKILLED_LABOUR_1_DES,3EC34EC401B2ECB32B001DFEBD17FDDB4062C97D0B993C7A6110B372E8A08D8A,
PRODUCTION_BONUS,B77CF45521BCD503BB9846525ADC5BF1C2BC1E9B140F31DEA42BAD2D07C56538,
BU_FARM_5_DES,F45C732A30F1186955C243F2579D9FFEFDDBECA96C6D10E49B90A8EFC985E8C3,
BU_ROAD_2_DES,D1C6F7E59EBAC8BD7D7147CFDAB3166062998E73595DB47594C0CB3768861F7A,
ACH_BUILD_HOME_NAME,97CC26B9FA9C42644E12D9643C1F9D93F620862618B48A1F5F6AAA2ED7B9803E,
GOLD_SKILLED_LABOUR_2_DES,0640DFB821DAA68333BE2D4A65DC648BCB2FE3760A97C2295E3942FB3A899A7F,
ACH_COMPLETE_STEADY_NAME,C5A6EB767475874F02EA71EFB16D538D2597920312442C013412FBBD0594102F,
SPARE_WORKERS,9732D9409BEEBB307FD26F4F5C1B6A9C8B30917FB53B3B2C80BA524BAA6169C6,
ALCHEMIST,B8B1293F82FAFB0F276E482DA991C308CA142E4CF05BC18D84B08060311DB441,
WORLD_MAP_NO_RESOURCE_DEMANDS,58215503F507F5E62968C8AC88C771B6B632099190421EA2471332DA8EA55459,
BU_QUARRY_2_NAME,2F42610CC5D51A3D4791323084B2F3BDBEEECC294295F195FDDF7B3C1FC00349,
BU_KEEP_3_REWARD,107CA7DA2EF59F5A7B1D956FDB6D56F99DEA7A335CA926DE4B5FDB6AF9CD6377,
BU_LEATHER_2_REWARD,0B233F4A9D119D5D79AC3A803663DB2C276F2E41596464634F1126C5969AEA10,
KEEP_IMPROVEMENT_5_DES,7B4047F72500BD446EE234DA891BABEA8F13A42F1351640963CD1977E95D5449,
BU_TAVERN_3_REWARD,9BC09C099EF005F42524514A7C65FC76AAD41228921065CC19BAEB2FF9348DE9,
DOCKS_IMPROVEMENT_2_NAME,A27E033A130618DE0B8DAEFFB0F03B0DB2925538E4CA65BCB7ACDD053A510776,
STONE_IMPROVEMENT_9_DES,979C3E4CFF5724DBCE72970B0319A494FF251DA2DBC328B29A45F1292E445DBE,
BU_DOCKS_2_REWARD,D8562FEEBE81D3140164E82DE488DF8265D45612835DDB29D51DDECA96B8E775,
HUNTING_IMPROVEMENT_1_NAME,CC0AD0FF92024F42C7BA1DD6D81B872D1B3DC957CD01EF152512B076E01EA8A5,
NOTIFICATION_POLICY_DEACTIVATED,74A9A57D4A424C863503D0802311748AE4D45189E5E23F20389FE44127A5BDAA,Chính sách [b]%s[/b] đã bị tắt do không đủ tài nguyên.
TRADE_QUALITY_STANDARD,EF6691545D2C5523EFED00424407CB261AEB0037D165CA5792F7F8BAC3381362,
BU_ROAD_5_NAME,E41C78BAB8B4FAC24D2ADA770C968DD7123509808AB2EFE11F0236D299F6552D,
WOOD_IMPROVEMENT_4_DES,469CCA00622946A9E7882971B038E4BC47F87B81280D6231A40D83B78997C8E0,
LIBRARY_IMPROVEMENT_1_DES,49C620C91B31DA3DF03308D60622FA08BE53D5D60A4AB65ED0B74625FCAEC641,
CHURCH,837AA0D985B27908439665FD776C4D61DC117E0EFB1094FCED706F2A11C1A4A1,
BU_FISHING_3_NAME,4F56C636812D50BF94756ECAEFED0C1420DBAF2BC2BF093383012CB46C1F68A2,
HUNTING_IMPROVEMENT_7_DES,E073C46B4BA921F3117A25D151FB7953E4A09F938BAA7A1D1CB322FB22F75830,
LOC_ALCHEMIST,B8B1293F82FAFB0F276E482DA991C308CA142E4CF05BC18D84B08060311DB441,
OPTIONS_EXCLUSIVE_FULLSCREEN,C461DBB2BAB7D8BC64C03223EAD55766CF4F897856579A7162E0E384249D83FC,Toàn màn hình
QUEST_LOG_REQ_SPARE_SHIP,3FE2825BE8A48C8DFE62A71D14B650871AE301594C0055DA51FB08B87C935AEA,
GOLD_SKILLED_LABOUR_5_NAME,CD0D07F45D064C848B3E62CEE7A5D7DC89C0384749EFD052B5B11AE1444FD99E,
MAGIC_SKILLED_LABOUR_1_NAME,F0DC487687CDA66AA50C27DEDCC6A5C22650F9E6E9F93C5C7AAA8D9FEFCA2FC3,
CRIMSONVALE,B85135FF7C93019902DC10FD5A7CA448EC9FCA898EA1155F5413EE9EEA90E6ED,
LEATHER_IMPROVEMENT_9_DES,0E6F9078FCA721558FBA54ED7A4DC2DDB1522A36320A55F69C91D8D2CFED0496,
HARV_STONE,6FFA6B8B1C9FA11CB67A0A54B7E3E175DFB7EDCB8E8D322148A3B00AFFC4A842,Đá
BLACKSMITH_IMPROVEMENT_16_DES,B6D7435F6B78322C85C826AC477817FC14F683C42570369532E09E1FE77243B3,
QUEST_DESCRIPTION30B,562B57B4F22567DEFCEE47D064F5D53056160ABA3498A950CBEE7B904504A4E5,
MILITARY_CONSCRIPTION_PERCENTAGE,6BCD3DDD603F427969C8D4563A9CC233432EBEA0D048FCA8FED1282F648C4599,
QUEST_DESCRIPTION30A,09430FF5E3401694B4548A32A3D00A8F063C086501DA0CACFE02688252C9BA2C,
SHOP_MENU_SUFFIX,99AF6606FF9D6CD5154D4D4E9C21E325086D3E904677CDB41D363C8A3480F862,
BU_LIBRARY_2_REWARD,BAED14E5097FF798853FDDA4274BCD0DA6B0638B1CC37756F9ABD949BD89E7C1,
BU_GOLD_MINE_2_DES,FAAFA20F3D26DD7662BAC3C4F24EB0CC01E1F78C5BD9E6C9C1D2BA4FBB359BF6,
BU_TOWN_GUARDS_3_DES,29EC23E58E0A2703313858AFE11F0648211EE14802E1D10349E8DC5C2BFCE021,
BU_BLACKSMITH_3_REWARD,D98135F9A604870FC02D34024A940D242A90CBC88714B7B8AA1EC1B69A442E3C,
BU_QUARRY_3_NAME,163AF6FD7104AC17FFA9FDBC1525E3EC5C819BACF1B18D55F243AFCEF9AD7282,
BLACKSMITH_IMPROVEMENT_3_NAME,1F509A9B9ABDCCC92A50400DC4ADF7D9F2B2407321D3FD393990F0BFCE0A55D9,
QUEST_LOG_CLOSE,7D9EB7ACB13E24625C404401D8E88B2350E32162455885F18276CF802F7701ED,
NOTE_DAMAGED_RESOURCES,2D83B4414B47A659EE0AC1AFC6ED6271154F1364DAC6C85CA62D7B61D7928D6C,
NOTE_TRADE_COST,77A008803E3F71A6CEFA3577712AC00184D67513B2D2B106CE434F3824BBD211,
END_CREDIT_TEXT,C8C383C4B2B874C40603C6CEF3B111BFBA20B706B6B4659FA7655FEB34E8BE1B,
NOTE_BATTLE_REWARDS,A3B165F08AA4A5947ADCE8EAC513BC83CBE1F9EF5648FD350E84B8E0BB13B151,
Total Consumption,ACD5719600892A6FFEDEDDC643236D8402A29712377CC2164108D79A70FDC4FD,
WORKER_TEAMS,7F6C5908AA7FFBC36595D04AAE9A92789DC720EC355373128012E5263D9E20C5,
LOC_LEATHER,C0086F23DCDDCDDA8B10B6601DCB1564C1AA5306A4BEDB2DBB4B0AC41030BA59,
BU_ALCHEMIST_4_DES,EA13E88DE9A1794FE42309FFD659548CAA2694301618C1C39ADF30EEE50A2EF6,
BU_KEEP_1_NAME,A5ABA847732A0913AD0A4C40A3928262C0DAAAC6869F558DFCC054F9682D56A7,
STONE_IMPROVEMENT_6_DES,6F3EE4EE013B2751C716E76EC4D7F20777E94F6C4CEF3E1923FD8EFC292FC54B,
STONE_IMPROVEMENT_17_DES,367CB3FA32B548013A14F273CA6A22AC0A8685E2C924823CED7467B7AC6FAB0C,
SPIRIT_OF_JUSTICE_DESCRIPTION,CE5547A22CE73428C0663F82CEDDB3F40122BF1DC851C0DF6666FE74D73E86AC,
LIBRARY_IMPROVEMENT_2_NAME,B3BD67F29F6477C2F9E88C11B28E7990A66F9056AEC5C926A0E5C9CB248133DE,
BU_CHURCH_3_DES,E5B869BF97D5D15DF0DA55237453E7A6AAF2FD0F90C0203C734320542F9F533F,
GOLD_IMPROVEMENT_2_DES,927B830C7D927A0855C69710BA53C13A383EDDF2078C8D0E6611F05E0B62928E,
WORLD_MAP_DEMAND_LOW,773BC3645DC55B6B5530A1E3BDCEF030A86CA5E908CAE451E2C60B3ACA351A9A,
MAGE_IMPROVEMENT_19_DES,22BD490FBAD7847C3318B5DE8C354D05A87113254FCCB8808E2A735F72D11530,
SHOP_ITEM_REWARD_TITLE,55AC8CBAE095AACCEAF1E9D9EFDF022F597A39780820ED9BC24E2F3E5271C351,
ITEM_CHURCH_PRAYERS_OF_INTERCESSION_DESCRIPTION,0F2962022448A164308F27558FBF45EAADE2C3AFEB06597A6B3467EF30826496,
OPTIONS_MENU_LANGUAGE,CD0C8355A5CBC4F255DE4BA6D9809EEDD2B97E5A98D054B0BB8A96380036B6EB,Cài đặt ngôn ngữ
KEEP_IMPROVEMENT_11_DES,319508B5F3AB5DDB255FCDF0B3A0B42E41981177F46342AA5DF1B0D6A90B30D3,
LOC_NORTHERN_WALL,9132B55D15007A94CCA498EC84F65AA1A683716FB8D173024FD109B8D058304D,
MARKET_IMPROVEMENT_6_DES,B8790C93006DEB96EE6B51024760879B5B81C866EDAB8755D228793A5038A446,
MUSHROOM_NAME,DBDCDC82D34BF342832965B9B22859CCB016D2E00334BF9EEC0F75A879A60237,
BU_TOWN_SQUARE_1_NAME,575B9FE35C0F3CD6461D9D2E2A3D06D2E91000780A380679B77E358CAF6B0A96,
MAGE_IMPROVEMENT_3_DES,E4FE069D711294EF372263430768DB39D14DD6025085F06EFCA2E6FB7A353CD1,
TOTAL_UPKEEP,037F657020A60CC272F5A83D79E1967E12BBB5800867F498049A2497E96709B4,
BU_TOWN_SQUARE_6_DES,1F896FA09B7652E2ED1229B94377502DCC7384146E08234352A804B68C4DA9F3,
POPULATION_GROWTH,D3C6309039E612D9A0F36DFBC129E077B72095F5545AA4EDD50AD4EA349CE367,
BLACKSMITH_IMPROVEMENT_9_NAME,1113E039719C1234C805E0044CF2D375ADCD3A4A854EDBFAAAF27B459446BC39,
UPG_BOOK_PAGE_TITLE_SWAMP,0410AAB66E3F48E5E61581670247A2C84F6B8C28E21F36052C3153ACB51FBA7F,
FARM_IMPROVEMENT_14_DES,EBE90FDBB43D48082741E8140E7E21701700539BDB34DBB8711B64C730927C8C,
BU_LUMBER_4_REWARD,A1958DE2998DF8FAB27F9A260A7A98D2D62EAAD18BBC4DF6F82786F8E717C182,
GROWTH_NONE,DC937B59892604F5A86AC96936CD7FF09E25F18AE6B758E8014A24C7FA039E91,
HUNTING_IMPROVEMENT_5_NAME,7E3464E13E56F0620B37600EE219F630EE1E3B4E3707377C02D1CB44F8A840B2,
Global Multiplier X,AA2A7EBE90DDA88A4A9968F7D67751FACF2DF7C5787EED1BF2D5CC12361EA008,
MAGE_IMPROVEMENT_12_NAME,D173AB5C8AF3CA651848BB9F8DE106A4C5AFC7A201880CAB953DEB7E43D87A50,
HUNTING_SKILLED_LABOUR_5_NAME,CD0D07F45D064C848B3E62CEE7A5D7DC89C0384749EFD052B5B11AE1444FD99E,
ACH_SET_UP_CAMP_DES,94092531E12FC2D9ABE88BBD5C21A9FE259DDC8144E61864F50A1E232FA2D25F,
ACH_UNLOCK_MAGIC_SWAMP_DES,52F1B436C968703B443708B1CF6D9023F3051606BBEA0EF247B2CB469937A6C5,
KEEP_IMPROVEMENT_4_DES,8A78102D84D1DF4C808746618DAF95054AEB5CA5D15781785A5949B6B9D51DE3,
RUBESCAIRN,B264C2985F09FF38058AD61F0E631575D64AFEDE3966C051A9C5F97D53726E35,
WOOD_IMPROVEMENT_1_DES,FF24C7D03652517D001D8BBF5BB7AF98EA8E2A17E20DB7F2B6483AC525574729,
BU_ROAD_4_NAME,2547594BF7AF1DA75DED8F39CC7CFD27B2A25D82D41B7C1BFE49978DA92554AB,
UPG_BOOK_LEVEL,1709305C9FA966D14F56F0DA3C3614BBC10ADCF53D72F90341BB96D24AFCFCA3,
BU_FISHING_2_DES,3D76E9B0E916706997C7C7320F424231FCA070A55CE29C23157F0E586921667A,
BLUEPRINT_SOURCE_UPGRADE,D3013D056C5A386AF93E5B3DA0B7CAE2F1E82F855A8F293EA5DE18E2A7BF85A3,
BU_HUNTING_1_REWARD,52CFC9CE5BFBA5CE4C3028E6B919217A3DDD402C993A3433ED9605FEFECF5FF3,
BU_QUARRY_4_REWARD,5729A77BB6EA907563ECE49F889E37695E2C692F4089647A9E6CF04162ECE7E4,
ENEMY_CATEGORY_DEMON,83BD77844403B5F4CC44E0A304B4B5B0E7442CF0F07E1F22F6260F6A24778431,
BU_IRON_MINE_2_DES,82C1B25A7EA37B43CB7E9175CC2D1FC7230ED965162FA3EC55441F83E818BBFC,
BU_LUMBER_4_DES,5E301DF3A7050ED11B7D74234E28282BC7374396AA77A26BFB43F886F7571DC1,
IRON_IMPROVEMENT_4_NAME,A6874DC6C75007AE5C584D3AC76B7695C123D45A029E239FEC1EB81D40527541,
ITEM_ALCHEMIST_HEALING_POTIONS_NAME,6789735749A3F2799F49712657D30B06932F97A6BAAE05BFB81522D78FFBC41B,
GOLD_IMPROVEMENT_7_NAME,99E13F91A4B90C8E068FD0C7E8AB2FE47AF5F18C0892F6FD743A4AB96AF670D4,
BU_SWAMP_5_DES,0AC2BB8AE145308AECE99A10C5724E8A7734FE7A38D9FDA8766CB9355BCE6770,
GOLD_SKILLED_LABOUR_3_DES,0640DFB821DAA68333BE2D4A65DC648BCB2FE3760A97C2295E3942FB3A899A7F,
ENEMY_CATEGORY_UNKNOWN,B764CDC0EAB7137467211272FA539F1260D1BF2E71BCF6FF3BDC960F5C16AA14,
BU_IRON_MINE_2_REWARD,553F3A6567B60219B938311A1C2223665195F2D3069A1DD2A88DB648C2D101F8,
STONE_IMPROVEMENT_3_DES,33735E0D8C64C6AD8102858D3347E17068A3592F0AB5400C371C48022249FEAC,
LOC_HOUSES,C8F9FC13A8D0684843EFCE4C1F3F6685CE98A3CCAE3E687CD9FB39CAAAC90AE8,
BU_DOCKS_2_NAME,840586E8FFD9C2C87D252364E6307A4D380F6ADC6E5D72B5E84BD2FD99236255,
ALCHEMIST_IMPROVEMENT_5_DES,25931435B7C7184CBC624BB80D9E6C6DFD10AA4142DBC0A94C563208E5461476,
GUARDS_IMPROVEMENT_12_NAME,B5C84E88E977A0C6C1FA36BBA47F298CC8E167454B6740240DBA0C1671D87E36,
TAVERN,255A70FD8EBFCBCFA78FD0A378C65BC516B7CBFDB6EBB78533D6890BB6190CC6,
LOC_RENAME_TOWN_SQUARE,9472F75823A1C7E0487FA98C7D83E68BD1143849AC1B23D7943DB5565F22115D,
IRON_IMPROVEMENT_10_NAME,E979EA2DF505DA75D448E38CEA41F6DD7E75826B4CD4019F142191805E5C066D,
GAME_OVER_EXIT,CD3943F36E0179BAB65BBCAF374A19B464F030D0C753489D6AE44425E3DAC25E,Thoát game
SKELETON_WARRIOR_NAME_PLURAL,D1612164F05D29A8EBB5CDE0A0DC92368F82746EBBAA7E16B178783B3328EE99,
BU_HOUSES_5_REWARD,E9C289637037FE8B4DB465009B0C966D3972F65D27E2A069E2CDFC8D7575BE65,
KEEP_IMPROVEMENT_17_DES,1B9A55E2EEE248A8A9FC14C92D5DBF677F06EC9AF931EA1F15A757023FB5EFBD,
ACH_STONE_WALLS_NAME,09E2F866BCD08F16A15D4F96C34F996FEF8E4BF30FA0D0121BD74C451804C3C4,
MAGIC,ED1A5A81B8121AD13A8796E7A7EB113F25D5B18B0A3831BAE13D697BA5DAE38B,Phép thuật
BLACKSMITH_IMPROVEMENT_19_DES,FFF5AE7F784E46B33F124A612E43F9E324DFB1CBB399A6060E3729C64F0C1F7F,
ACH_FIRST_ENEMY_DES,E755C6D582BF96D70DC0EC6C69F41C086A27A0769CA5CBDC5C38F01C8BF8C311,
HUNTING_IMPROVEMENT_13_DES,EBE90FDBB43D48082741E8140E7E21701700539BDB34DBB8711B64C730927C8C,
GOLD_IMPROVEMENT_14_DES,0D6FC8B4AC1B967BE3152A9C119F61E509E9D553F3C03EC851807206652CA85B,
IRON_SKILLED_LABOUR_5_NAME,CD0D07F45D064C848B3E62CEE7A5D7DC89C0384749EFD052B5B11AE1444FD99E,
ACH_COMPLETE_INTENSE_NAME,CE4F294FC93A34896D001FEDA8BA9D15D051F2EA01BF0C84A56036243102B3FA,
MAGE_IMPROVEMENT_7_NAME,5ADCD2F9C2D117BFF2D4E4C3F0EEE9EDB7F754B6D5800C6158B7A8AE440E49D6,
ADVANCE_QUESTS_TO_UNLOCK,2FBF4DA80D14B0D356910DCD2EE95FE9D64C0E64F412CE8F1F00F35732D40351,
BU_LIBRARY_4_REWARD,EA85D73717CA347F512C09AA8E49FFE1B2F83AAC2601A06DFB890E03E48AFE7F,
OPTIONS_MENU_DISPLAY_SETTINGS,A1FD1A872C2B3F7DCD590564695EA8737B9A3E55C15A1F8857DE24B8D1E7101E,Cài đặt hiển thị
GUARDS_IMPROVEMENT_1_NAME,B90CD100C902E0E2112FE480DDFBB3FFBFE54A47235BA97B908FA3852816AE7D,
BU_MARKET_3_DES,0F7E25CA9D8CEB1238B5B4CC2B5D4A37AE0C25D6DDD0B4228E5027EF481883E4,
BU_ROAD_2_NAME,76D7462ECCE9A843FF45C91C40E181255133529A1841D757E0B41E11AEF3B75D,
CARPENTER_IMPROVEMENT_8_DES,42DB1D1756886A679851538C9BBDA81C037A242DB0599584BCE6B2D5B5D6FD5A,
BU_WAREHOUSE_4_DES,37043A40AE0DD9EBAA4C7004F252366757CEA1AA009D42E9BE919FAE72DA3A0D,
LOC_HUNTING,EB907B9BC3A769B6216EB2301C85EC3A0BD36F854392687F8998C6722CA44A9C,
QUEST_DESCRIPTION17,C5342619C3FD5BB81D650FE8830DDE8654C3156ED646FD52980FE38BB7AA1A58,
TAVERN_IMPROVEMENT_8_NAME,E54DAD0DB2205859BA4E0DF52CE5691AA58B858B1CF6EF54EE35C86D81C1D620,
QUEST_DESCRIPTION16,B79B9CBFBED8D27F528EE8FD991EC3ED30405A8934742F4EA547A0194AA883B4,
CHURCH_IMPROVEMENT_1_DES,362BD71BF2D019FE6496527F0BE0504383E54E2840743D7F6FAA542A54722EB4,
QUEST_DESCRIPTION15,A5FDD382EB166DAC3184F726F2069FA4A8DC3F9DB63C4A47A6DB9959B43CA73A,
GAME_MENU_EXIT_WITHOUT_SAVE,C686ABD2B5E8DBAA0E3A3518DAB5790EC4DCC579DCAFE3BAD3B35FA01446A119,Thoát (không thể lưu)
QUEST_DESCRIPTION14,37D0CD892FCA58EECA313B5553B48D18F075183D67452FEE40AB03D3EDCC37BD,
QUEST_DESCRIPTION13,6315C7DAEC15BE10FB5B69933BE60491242030DE2AB8B77A5D5B335804EA3783,
QUEST_DESCRIPTION12,ECF1CE8272AF66DD2AC25ED3C1836BBE41FFCBDE1268F6DB1CD264FB4D76371C,
QUEST_DESCRIPTION11,AA1F1A5BC30FF23A78812BCB8947FD35D20EB8D87D2DC8288CE2D6637CF31B31,
CORRUPTED_BANDIT_NAME_PLURAL,B68349191BE6A93C11A2D1EA3970D8040EA0C2EC3D1711F210FF8CFC88147AAA,
KEEP_IMPROVEMENT_5_NAME,253DA02AD71F60100DF59A8FE26B117C6170E3A62A2BA6EDE3D5389BC04DBD82,
BU_QUARRY_1_DES,21865F0993D11755F612E3D870927D76C27FA856671231474C03A7E240BB5FB2,
QUEST_DESCRIPTION19,B879BA1090B45CACCD43C98EE4EDD9D285A865D647CE6B5723A4425D8212D75E,
QUEST_DESCRIPTION18,F75638C508F5CC25C5FB3AED9EDEBFD43D4AA88CAF1243BB92A01081E546A320,
MAIN_MENU_NEW_GAME,28F9044138A54B95F198B450B2B02AF43921F0D50450885875653E6443115F35,Game mới
Global Extras,3623C9BFB4F85ACAE7327A5DCA38AD4A9D4C021A50EA9B811C8AEBCA80161421,
HUNTING_SKILLED_LABOUR_4_DES,067844E297D6DC619E8078B76C7A3AB907680C514F66FC3EA486BA24503302F7,
LOC_TAVERN,D763E242AB599F66132D6763D193E672A90429D355FEE63FDA9268A38BE9F672,
HARV_WORKERS,7A1EC9FE6C3B483F5420A820892C4E29C5E76F6E1BBED4671E07DE3371653E98,Nhân công
QUEST_ACCEPT,89713B9C9C1B8F659C9F49DB25E4A47886DD673FEE248C3F650391F09A759CEF,
STONE_IMPROVEMENT_12_NAME,E979EA2DF505DA75D448E38CEA41F6DD7E75826B4CD4019F142191805E5C066D,
ANCIENT_SKELETON_NAME,980517F07295EBEA042D99C9E02171FA877E15B097ECADD6390A877B8CAE0E47,
MAGIC_IMPROVEMENT_4_NAME,C3624B46002BC68F43A71CC1A9346E57FA2E19AE575ADD5E42005653B46BE4A2,
TRADE_QUALITY_PREMIUM,DE88C121A82A06352BF1AACEBA20578356408A334BA046A1084D4E50DA923C5E,
TRADE_CARAVAN_SIZE_MODERATE,5C42AFC7A23018D32DCFF346792B575BCDF63BE118B98A61084B1AFAC32B93E9,
FARM_IMPROVEMENT_5_NAME,F2486389EB52C1A1F9270C18A5D8F20CE81B64137584692F4B192E44F6D873BB,
BU_QUARRY_4_DES,7524BB8DDED65BC81A50A24207F5685BAF82EF774E210BA70F5C124C8FEA4347,
HUNTING_IMPROVEMENT_3_NAME,7BBE3283F2046FF8466CA72878DC707777F7C2C5512479F8C5BAF90D6564D358,
POLICY_FOREIGN_TAX_I_DESCRIPTION,B081BEAFB7A09938D47058CD34E221D6B32DBABDC2972B606B0755060907E057,
QUEST_DESCRIPTION1B,208D983EF909D19DAD0248A60182D85ADE59256BEF94D3B70878AF80A1EECEC2,
QUEST_DESCRIPTION1A,8E161855910AED1A614BB42D14F1A1511E8B79241DD51F7A84B9263DE7591081,
ACH_NO_ASHENHOLT_TRADE_DES,EC52F4AC9F2B40079902FC6EA5FB12B46DCD0DB502A7DD3092D8CE8FF2A42679,
AMENITIES,3E671D3A0D15C47E292468AEBFC88F8EB7FB850BF600CED51FD55A0281A38645,
GOLD_SKILLED_LABOUR_3_NAME,E66D0F9937A5BB94252CCED281AEBD7A49141E2553025875BF20CDEF582D7BB3,
POLICY_RECRUIT_IMMIGRANT_WORKERS_III_NAME,8316584DF3AA1DDEA2AEE3F460E978E9438639434DA4262D778940399E8FE22E,
POLICY_RECRUIT_IMMIGRANT_WORKERS_III_DESCRIPTION,37445E485185BC7C5D559028153EE0AF79D2F5942F121443FBDF23D8B65FA3D6,
BU_LIBRARY_5_REWARD,9658D623AC7E458EE9247622CA6DFAD12E0A44355A7CEE3B5A9FCE3A95804EFD,
IRON_IMPROVEMENT_1_DES,E8D8D865233C966E282EA04D4923F639AF4316D487D5626E2F63975B9E69A967,
QUARRY_SKILLED_LABOUR_1_NAME,F0DC487687CDA66AA50C27DEDCC6A5C22650F9E6E9F93C5C7AAA8D9FEFCA2FC3,
HUNTING_SKILLED_LABOUR_3_NAME,E66D0F9937A5BB94252CCED281AEBD7A49141E2553025875BF20CDEF582D7BB3,
BU_CARPENTER_3_REWARD,7B5DD2C928E4DAC1272311D0600CB9244147D57272E75EA163DEB4E174DDA70B,
QUANTITY_ZOUNDS_OF,6578EF0269CFAB8FE6A3F6DF085AE5DE81530F80F75701E7F4907F765B0BC91C,
HUNTING_IMPROVEMENT_17_DES,550DAD427852281EA69A441C9640FEED3FF7A410A1B07C9AD991CAF59ED9C56B,
STONE_IMPROVEMENT_7_DES,33735E0D8C64C6AD8102858D3347E17068A3592F0AB5400C371C48022249FEAC,
WOOD_SKILLED_LABOUR_2_DES,3EC34EC401B2ECB32B001DFEBD17FDDB4062C97D0B993C7A6110B372E8A08D8A,
GUARDS_IMPROVEMENT_9_NAME,C3FE9929E5A44D6BA6F048D40D666A7A80A3BED5EA4AAECEA838D7BB4F565734,
DEBUFF_RECENT_STARVATION_3_DESCRIPTION,B7C0BD4327109140733206AE1BAC94996196B43CF099D5A7EFA9BAC9833E2230,
BU_FISHING_1_REWARD,8208DA813D952A89063FECA95F30AAAAB9E2832A3DDF3569C5FD27D10D682289,
IRON_SKILLED_LABOUR_2_DES,87C41DCE512198A1610BC3DCE0AA0E689846E7B448089FD163AB4EA386544DDB,
BU_LIBRARY_4_DES,F79479B85805FE7734E4FF06BD6B1F62CDC2A5E3F21A6C66D3A32850509DE841,
DEBUFF_RECENT_STARVATION_3_NAME,5659C45BED5386821109AF048D98C0D993FE94313B13F1EEDEAF412B565547C5,
HUNTING_IMPROVEMENT_3_DES,550DAD427852281EA69A441C9640FEED3FF7A410A1B07C9AD991CAF59ED9C56B,
LIBRARY_IMPROVEMENT_7_DES,130D255DD07057FAA1AF722541F4F1CE400B2A77CF14F70F83A70650B53F0D60,
MILITARY_TOTAL_UPKEEP_COST,BA0193048D7DCD6B9FE7642E546E57423BEFFBC96A8459BE67E6572811F86A84,
BU_LUMBER_1_NAME,B9F21B9406A4FF96F643873FD98A0482C4C68D658FCCF3CA36649B48422B950C,
QUEST_DESCRIPTION33B,00DAAA176E0B15963A87D8078C9B7FF5F286C5D8EE85448D850E4D40C034CA13,
GUARDS_IMPROVEMENT_8_NAME,DD8444EA57EDF9A32FEE8DB01220CB55A76A3F904D3C9A358184D88DD29CB0FC,
QUEST_DESCRIPTION33A,2CD7FF895DFC9B289B801F285259E184EC4AEEF6C80ED9D969A73EC494C0BBE5,
FARM_IMPROVEMENT_1_DES,43874E27909B161FCD66BACACD51820FF6A38D64320BE29238148CC634516F83,
BU_GOLD_MINE_2_NAME,CE14F36EDE7135140C09A2C6DEDB7E48A8F4B72F41A5751D6952D35DA7189774,
QUANTITY_A_FEW,B7CBEB55FA3AFDBAD6160C9E3F1CB9ED4395088C2C07278EEDEB06D1B9839841,
QUEST_LOG_READY_TO_COMPLETE,FBE174A70AFACBF8E7E74B1991F49A298C386724FB724E3EFAA327D2AEA8F264,
HUNTING_IMPROVEMENT_18_NAME,40C8F4EC93BED596CF011D0B513E9F6E69832430A1E5851AD9139166B97BCDB0,
DOCKS_IMPROVEMENT_7_DES,C4317D5C6C04AB29002C516F34F803BF51B9D682569B7F25FD55DBD4ECE0E9EC,
CHURCH_IMPROVEMENT_9_NAME,801DF207CDA3330BB278C5DCAA7D704BC2C530C676696B8F791B63417ABC533B,
QUEST_DESCRIPTION28,DF456D83E049872A832B10D37BAB49EE4A10E30D968562736B1A6E7B837EF468,
QUEST_DESCRIPTION29,1452EF813F5F9F2B47289313C26606DFFF4F501CF51A0B1D30D3B5CD36382591,
BU_ROAD_5_DES,9C5F0329618D4CEB67F0C6C88BDF179C86A4E993CE8621A34B4B6F40812C33FC,
GOLD_IMPROVEMENT_13_NAME,9414A53F92ABEEA4E49BFE27E30B13CAEE76DF8ECFDD9446D1117193B3B27FE3,
SNIKTCRAG,75ECED4E51CD3CD5806C2741307D3E8ACDAB3F111286503960C0FE7A049177E9,
QUEST_DESCRIPTION22,E1D46468061CB42F8DB4CFFAA334241FFEC412737C5076EB47798219E05CD846,
QUEST_DESCRIPTION23,4D961F7E93D95DD2A5C530C5ED749524777B79619A617B2BCF48576A60D6391D,
DOCKS_IMPROVEMENT_1_NAME,C8F13D95F9815E3D2463B547EDAE0128BC82DE92FDD656CBE7D4B1E1251E3E7D,
TAVERN_IMPROVEMENT_2_NAME,514A3FF80FD0A60D631B64C7309FCB5BBB0D6104E3E4C28DA048CB5B3AEDA74C,
QUEST_DESCRIPTION20,14152887EB76740879A26BE707BE2BF13993BF7E55533E6439689E64063B86C4,
QUEST_DESCRIPTION21,0F2AA403BBFA41CC9FFFA8AC58D729A8C8F7FF1511546FAF9F3CBD0D458F7DD7,
QUEST_DESCRIPTION26,0546D10C2F6362125C10BCA9527D952DA14AD140BB9735A1D6C9891619E66F9C,
QUEST_DESCRIPTION27,C8A4DCD2E4514C69BA421B0269F2AD3EA4087B3DA192F2D784670937593EE0A4,
QUEST_DESCRIPTION24,B01C55FFAAD385894155A705D008C8D0ED2DAA5388700302237576FADA9308D2,
QUEST_DESCRIPTION25,7B3C58EC9718A669544A46AD6327010A82E696C0824EC254F5852FF2BC79FB49,
BU_TAVERN_1_REWARD,882B9DA9B4110C0451D72AE4A4510684DF675D23CA17F9B37FFBDA104D1F494E,
CHURCH_IMPROVEMENT_11_DES,EB3D4630CD1BAEDF4609E8C22FBB5E591B4010B3EE3DB4370AA1984C0621C6C5,
BU_KEEP_4_DES,8DCFBFB45E99FC62DDEB391B48BD1036B8FCCCC2F9DD943EC059579DCA93C43C,
IRON_IMPROVEMENT_6_NAME,A732E8BEE213AB192E1AE2E600F32CDADE63ABD057F5AA85A0CC6C407BDA27A6,
WOOD_IMPROVEMENT_8_DES,D4B2EE933EF79815E746E8E9E35972F2B0018D00CC1A6D3F12C94EE652A4F6E2,
MAGIC_SKILLED_LABOUR_5_NAME,CD0D07F45D064C848B3E62CEE7A5D7DC89C0384749EFD052B5B11AE1444FD99E,
IRON,BD223C81DE7E86DA43EEE0F9ABF0B2B87E7A9B0AD3B6E215EE55E68D49B31BA9,Sắt
STONE_IMPROVEMENT_10_NAME,43360C2E0B18DD9AF5FF362AC87CC61E5A7D5259B11B462E19084155A672929C,
HUNTING_IMPROVEMENT_17_NAME,6608F2F687B69A9F98B6645B72D394AABFDBAAA9D9549A3A69815A85703BB16A,
GOBLIN_WARRIOR_NAME,CF8A45421D9CC60DA9C5C369832E8C8DC33CA51F11B61E8E55990406274114EB,
GUARDS_IMPROVEMENT_2_DES,752A3521635ACC148EB970B70DBCF1B437BA991865283BDD367C1C781E8A2F4F,
WORLD_MAP_DEMAND_INCREASED,E2C92C158D9A7A5363626F5DF3005B7D8E541F84694667F69DD3628DFD80E862,
ITEM_CHURCH_DIVINE_INTERVENTION_NAME,48D71EA975FA43CC5383DE268424D40FEDFD3C139D41EB621082B9A1817178BB,
IRON_SKILLED_LABOUR_3_NAME,E66D0F9937A5BB94252CCED281AEBD7A49141E2553025875BF20CDEF582D7BB3,
TOXIC_MUSHROOM_NAME,71CB372B0228E2C8D077035DEC9305B8CF95013B874A24ADC1692F7C5EDC692E,
RAT_NAME,070B800AE671FA969C30A7A896BC3518F641C4A4F3B106FF1537BB07B9D46DAD,
BATTLE,1B18EBBC3F490C845C2EBECA8853FCC82DAEFC66068EB984A445F8B1B7068438,
FARM_SKILLED_LABOUR_4_DES,66C320CCC1EC3B1D932AE05287A28A05BD61A511DCF309DA42B209A86C0A0D73,
BU_FISHING_3_REWARD,68E29273434A5AB2E83FED3A7B62CC9C1AE5EED130DE69E5EA28291400EBA9F4,
BU_LEATHER_2_NAME,A8B49C1E8B1B9F32E8B4CDF2116F6C4BAFF15F51BE07F71E860945D2FDD793A0,
MILITARY_COST_PER_SOLDIER,5A0405551EE7AC2A039BE2E154007AB5CD49FDBBF70FC3A8E4CDA33AADB15260,
SANITATION_MULTIPLIER,5DDAF76941D35BE08FFF957D71575432C903FE04028D28A58220DCB5DFC34B49,
TAVERN_IMPROVEMENT_5_NAME,33D46179796BA298866FFBBFD9045ECD02B1AE37813917C0DE1978BA4C2D3317,
BU_MARKET_5_REWARD,404CB7966910D314893068ED7631B2A6D0B4D35E20416F40B975C9771FE8A37C,
ROTTEN_ZOMBIE_NAME,3E0F1EF37FFF8C746DCE5FC5E66CFD05CBE248F58072B2D3078718C494603018,
MINIMUM_REACHED,01A4B6E5B828E515BED440E9B24A86D49F3E0A177F2C1607DCAD43A6DA6E6879,
POLICY_CHURCH_SOUP_KITCHEN_NAME,FC5E5BCA9F2E0CB6BC9788D94A53A5A1EC4A97600D42B2C366DCBE12F3B8DE8F,
IRON_IMPROVEMENT_15_NAME,6608F2F687B69A9F98B6645B72D394AABFDBAAA9D9549A3A69815A85703BB16A,
WOOD_IMPROVEMENT_10_DES,414A139A7F772733395EA71D091F830D35520E96E4E728051F641310C59FC873,
GOLD_IMPROVEMENT_7_DES,8B3AA5E402EA143659F950393398792857AFF3A96C5B0BCBB2F2FC6FE08BFF7A,
MORE,D47D7CB0E4F8FD2BE5EE07826694C18917D83CA77D0A01698582D05F432DB996,Thêm
CHURCH_IMPROVEMENT_2_DES,F0A05A5EE87223D0B38B19859CAE7569B3A6526F62C224BD1169534C15ECAF31,
MAGE_IMPROVEMENT_8_DES,3C277E1C52343224FF65DC77D691A676DB47E9E340A404942946335BADB17DD6,
TAX,47E2886EE5D3FCAB799EFAE44644488B428A7CB7D3BF24752B46E93D5C3EB6B8,
GUARDS_IMPROVEMENT_7_NAME,3082115137A69B87FA0ABD42F74D857B1DC9508289F935707443353BE9B4E4C7,
FISHING_IMPROVEMENT_1_DES,40B3F11D92853153231C24258309CF34ABF42C4AAC93ED211ABBDC3CE14AD837,
BU_CHURCH_1_NAME,EA6483EA1E01D363A56A83D10F4492EBA06F5726371D4AF86EFCED2EB1A5F860,
BU_ALCHEMIST_3_DES,116205947DB9BD946B6F772B3D2F2C976088882AB64D47B2D708D51BA5F14EB4,
Global Education,51A9E16CF80CB7DF291F3BE61D74BEA354D20C275D08B67870E4E5B87853ED55,
BU_GOLD_MINE_4_REWARD,D9AE01817A189E8296633131404CA11B89AFB35AD24D220121BB429D492D04EB,
GAME_OVER_TITLE,2BE4CDA83179A528092A54C89F500CFEA91912205B857351EFE420362BD6BECB,Thất bại
STONE_IMPROVEMENT_2_NAME,7F76EBA12E446F129B3D1B0CF85E59D545FEBDEE115F38DAC062B54081E73726,
MARKET_IMPROVEMENT_5_DES,B393898658FCF534D6FAA623C938C330B0E8E332829AC406D2EC95245204F9CC,
TAVERN_IMPROVEMENT_10_NAME,6E1B83A052C16B81BACB13C82795ED01999E4718B1FE4595DB9E3F8059615169,
HUNTING_SKILLED_LABOUR_5_DES,067844E297D6DC619E8078B76C7A3AB907680C514F66FC3EA486BA24503302F7,
BU_LEATHER_3_REWARD,0B233F4A9D119D5D79AC3A803663DB2C276F2E41596464634F1126C5969AEA10,
IRON_IMPROVEMENT_5_DES,946B6A3FFB086E36138FF7FF36EDD69D57A77939BE429E6CB1A5AC8F0A75124C,
HUNTING_IMPROVEMENT_16_DES,047DF7F576A77ECB68F85A63C7E8E0CD6495AB84061CB98F0D75296A32E96AD3,
ACH_MAX_HAPPINESS_NAME,723B2C1045E549170AF8E52D619374257F0B4044F0C26F5575CBB334CBEF8692,
BU_BLACKSMITH_4_NAME,698A4B7D3E74083D7A1BEFFFE784ECBF4D13A5A313898781896AFE0DF58A16E7,
HUNTING_IMPROVEMENT_16_NAME,8576CCA1318B567DEB72A09563671FF28C895A50B393FBD5D3A4BBE014D61B37,
BI_MILITARY,B96DA71C6BDCDBDFB1F464E8B43603C2047E676489E6201CA92B3081B3514A2C,
BU_GOLD_MINE_3_REWARD,3C5740266AD8E6E424E8AA32E5D1203131AF795E6B714B805FD92A8B89480C0A,
FARM_IMPROVEMENT_4_DES,43874E27909B161FCD66BACACD51820FF6A38D64320BE29238148CC634516F83,
BU_WAREHOUSE_3_DES,BB978816DD34357833F6429D890FEE9877291214918FE2D1217AA07DEBED3632,
IRON_IMPROVEMENT_13_NAME,9414A53F92ABEEA4E49BFE27E30B13CAEE76DF8ECFDD9446D1117193B3B27FE3,
BU_MARKET_1_REWARD,FA7E2D24D58BA768DEB76BCFCD3CDD6D8223ECC1282AF00A6334D076FC15F388,
GUARDS_IMPROVEMENT_15_DES,F9E680634AD5E98DC37BAA70B289783A47C4FCB84810E736CC1AC1301E334718,
OPTIONS_MENU_CUSTOM_RESOLUTION,494CA78F7374E46FB2DE9AD9F2DBD4AAAE89B50B2CA044177A1566A59E06627E,Tùy chỉnh
MAGE_IMPROVEMENT_4_DES,6A64F27A0A75A885D8B5A65219FB147E8C1F80B5EC575569C9CB0666AD4B9387,
ALCHEMIST_IMPROVEMENT_9_DES,2F31CFAD35B058882E248F68690A04FEA11F97D25A7D9B936A44103681BA8027,
QUEST_DESCRIPTION34,D224CD9D172CE442118BF1AA3E0F8F02302D3DF35F523E75EB2EC8630E0AA2B4,
BU_NORTHERN_WALL_4_DES,00FD9946D53A014A91C3439A3C9D8FC94207DAC0B66E7D7449386AC0534E066D,
CREDITS_THANK_YOU,6B62816ECF54270D149A084192283D74CBA9DB7A6C215C8CDA03D69704B7AF8C,Cảm ơn bạn đã chơi
BU_MARKET_2_DES,E482A2C31C313E5F1FAB88BDF1CAF9B9925A3854AC4E0CAEFC57C34F0E5A5C3F,
QUEST_DESCRIPTION32A,8764C9234ED7EBCDD022892B915D87B9DE77ED7F2691DB5971808B278ACBCF89,
ALCHEMIST_IMPROVEMENT_11_DES,AD7BF91A29C32FFDBF8FBBB5917E62DAEFFBD80FBF15BD7B11188CA731805E4B,
ACH_BUILD_KEEP_DES,ED4D23D3C5C06D8A70707590A61FE580462AC4F70F0B7E2ED4A4509D1F80AE8A,
TOTAL_WORKERS,1CA8949D76E9C00E6C7D49D2A9550DAB7C611C2AE6D8D5F3EC680C7F465B30FE,
Iron Extras,2F3D5449208AAC387C4251B8AAE49A19FBFE7451441517C647F24F4241196331,
NOTIFICATION_STARVATION_INTENSIFIED,F056CC8CD2F632248C2A417B31DB482653C12A2CD2E5522218840D27CEC841D6,Nạn đói trầm trọng hơn! (%d/5)
MARKET_IMPROVEMENT_5_NAME,9027B01D11C031F426D6BA280EC23CEF06B920E3A1D8F91EE7309B28C133933B,
QUEST_DESCRIPTION32B,8C98D5325334A3A911B1A0F2603BD19E38C4F47DAC457CA996A1443E0AC29EC9,
UPG_BOOK_PAGE_TITLE_GOLD_MINE,6249DF4367D0A2E088C8EB1117EF59430F0D7DAD4BF0FCF8A01D7F0415F4D511,
BU_HUNTING_3_REWARD,71358A4840A6F405E1D8E67E5CDA719432AAC0A5CD25BA91DDF7A5FE30183D2E,
WOOD_IMPROVEMENT_2_NAME,5FB339FA84A1DC601431D4750A51642B9BC62E65E893D0EF268259391A3DE6E8,
BLACKSMITH_IMPROVEMENT_1_DES,B6D7435F6B78322C85C826AC477817FC14F683C42570369532E09E1FE77243B3,
GOLD_SKILLED_LABOUR_4_DES,0640DFB821DAA68333BE2D4A65DC648BCB2FE3760A97C2295E3942FB3A899A7F,
BU_TOWN_SQUARE_7_NAME,5FC8C9ACEEACE29DF941F5779498A213D86956342BC731B0607197B7A5C7BE7A,
OPTIONS_MENU_FULLSCREEN,C461DBB2BAB7D8BC64C03223EAD55766CF4F897856579A7162E0E384249D83FC,Toàn màn hình
FISHING_SKILLED_LABOUR_3_DES,532712FF3EC5603C6F381EF1E309082CBBF7D88ABC6D8F440B3439BC05F4DD40,
BU_DOCKS_1_DES,0A4C5EEE0ACCFA189783EBE7E1B2321744304FAB0E8D3D201DCADE1A04C2C689,
MARKET_IMPROVEMENT_10_NAME,932E7E6FD2F4CD658136A61EB7B3E80070C834AAEA2966E22116F010DA0B8C00,
UPG_BOOK_PAGE_TITLE_IRON_MINE,BD223C81DE7E86DA43EEE0F9ABF0B2B87E7A9B0AD3B6E215EE55E68D49B31BA9,
ACH_POP_50_NAME,FE6E3A5448BEDB6C85274E56FE38936989234E0001ED3337CF28046EEC11031D,
BU_FARM_1_REWARD,B6A75BD7CFFBF896348592A63E7DB74A71772271CBCB1919770930D9BD27B1B5,
CONFIRM_DIFFICUTLY_CHANGE_DESCRIPTION,539A1649B346DD611B63881E645A5B329CA10989C627E868A7A229C820A4043D,"Hạ độ khó sẽ khiến bạn không nhận được thành tựu hoàn thành của các mức độ khó cao hơn trong lượt chơi này.

Bạn có chắc muốn hạ độ khó không?"
UPG_BOOK_PAGE_TITLE_LEATHER,C0086F23DCDDCDDA8B10B6601DCB1564C1AA5306A4BEDB2DBB4B0AC41030BA59,
ALCHEMIST_IMPROVEMENT_10_DES,9F2CBD666937A869ADB7DDFDEEA854B44FB3D7FCB6636B9C1F292C200A314FBF,
LOC_MAGIC,9F377C66C7F2CA1209F09C4AE4922FCAB80FA0382E2E226B50A58B3DC82FFC45,
BLACKSMITH_IMPROVEMENT_12_NAME,7A2907D7D6A37C1E4E633A9EBB23F2071A5F09F87A52F41BFDD30D18854910B3,
STONE_IMPROVEMENT_6_NAME,EAE472FFC10BE23B14E9CAC6D9741A523BD6A33B37F365A43BA3ECA01D383F7A,
BU_FARM_2_REWARD,ED5E4FECBC01892C86604DCDAB90D28E39B23901054C9514F9F3D76CE9889A44,
ITEM_CHURCH_BLESSING_OF_PROTECTION_NAME,801DF207CDA3330BB278C5DCAA7D704BC2C530C676696B8F791B63417ABC533B,
BU_HOUSES_6_REWARD,E9C289637037FE8B4DB465009B0C966D3972F65D27E2A069E2CDFC8D7575BE65,
GIANT_RAT_NAME_PLURAL,3D0E8B7B27533B5E068EC7D8E41F557A0954C720B0F6F635C1703586B7FFAC8A,
BU_ROAD_3_REWARD,8DF493719D053EE221CEC7344BFFFBC5C114615457903C9C3DCE24D2622DC2B6,
IRON_IMPROVEMENT_14_NAME,DB65BA82F365C2B180047DA034CC41F835D089B079E17F6C81728A6B0768B8B4,
FISHING_IMPROVEMENT_11_NAME,694C6D49468B38F66F84AAA9A5DA8C5D814B89F3345D3A2E7B8F22C5117F3F1D,
ACH_RESEARCH_BLUEPRINTS_DES,020B20CAA17EB7534E9E9DB5EFC4735554D4A2BA3DE267F98D6D0F9A738BF010,
QUANTITY_A_LEGION_OF,366A0CCBF1B1B1748F6D406EE9FC6A79050BEE35518245CB99F3B785C3B44FD9,
IRON_IMPROVEMENT_2_DES,0BD82AC97B2BC62F32BB3BE6417F76B60073319ED049F01015F681CDB0E4BC11,
BANDIT_NAME,9B9E42BE5C574F70E309A0C289DE69BEC463B364D47DC9CC3ED989FF91BB1834,
FISHING_IMPROVEMENT_11_DES,F68A7C8C978911B209DABA7551ED7EAB589DB7B07BE483A94A7A584408788112,
BU_SWAMP_4_REWARD,88A5C0DE933982986DFB3D4B502DBC4AEE29660F374CC07762F38D0F1CB5ABC3,
MAGIC_IMPROVEMENT_6_DES,95F2448AEA2C0A19FBCE601C6FAAE6068837EABB4446E11CBDDC3CCA2B0AF869,
GUARDS_IMPROVEMENT_9_DES,F8C9E9B0658FE64D243A8FA7E6AD0383418198CB6D1A8D3300D7D495686F747C,
BU_FISHING_5_NAME,20B54E489101A383EEFF2AA7B9BB5D67E37CDAE19E2CC291D1E1D72F686B800F,
TRADE_CARAVAN_SIZE_LARGE,AB80540D98D274565E355F59F0683DF6FB23FF86F735A6F8DA60020D3CE05D7B,
BU_SWAMP_2_REWARD,C9DF641C37E740A0732B82BD014549C7F0FAF451D779FC70D268126CE9A93290,
BU_ALCHEMIST_2_NAME,956A04C3B16C5AE7B56FBF711F89C95F2CFF6EA159E547DBDECF9FA844B718A2,
BU_WAREHOUSE_1_NAME,E12B72838FCA507D2762A36A52CFE1FA98EC3ACC59654376680CBA963B569BD9,
BU_NORTHERN_WALL_3_DES,7A463F980D296C543D67C20E0547231B5CE1ECE45353E510FE175CE8AFBE2D9D,
WOOD_SKILLED_LABOUR_3_DES,3EC34EC401B2ECB32B001DFEBD17FDDB4062C97D0B993C7A6110B372E8A08D8A,
BU_FISHING_2_NAME,4ACAD04C4104AEEF320ED190E583336F4B9BAF649B05AD92634D696EC16EBE7D,
BU_SOUTHERN_WALL_5_REWARD,D523BEA550569850CE3E3E4E471B127172CB794A8C8A25E4AE41878D531FD947,
BU_TOWN_GUARDS_1_NAME,14A587CBC385794A7CDF3AAA00BD9410533D41788280E3AC338D86F4F2710362,
DOCKS_IMPROVEMENT_8_DES,06D4713D12C476BC6FC437F1888AD41278BBE36BC53A4FFE4AFD327268FFC316,
BU_TOWN_GUARDS_1_REWARD,EF298202862A3F4FA7E8DF7E3C5FCC1C12895CE8142B777746685B921B7F6650,
BU_MARKET_1_NAME,3EB216DB7CC964755AF0493C8B968032E26BC1D3E980A49DEFFA78F739F98B48,
DEBUFF_RECENT_STARVATION_5_NAME,E8DD88C81E1208681EE8DE20DEE9806F450E7BB6F41C78A1907094582E1F937D,
BU_MARKET_5_DES,1FF9588215DE50C125A18C1B4A7744A5383B0D375936A1E8706FDACB9A54AE67,
OPTIONS_MENU_MASTER,A2BB34780AF80CF92FAF0872E60567400A910E72543B8DE3F47CDB90FC99FFB4,Âm lượng chung
FARM_IMPROVEMENT_15_DES,E52D7371CA9C42581E772D748A6DDDAD40E1D80C0FBC8647E9DD172A03EB48A0,
DOCKS_IMPROVEMENT_6_NAME,5EC5B0ACFD6762F01EAA73AB1606C7C1B80C0EC6D3B421DBB762190152B1E871,
BU_DOCKS_1_REWARD,CF99B0071D3421404024506C045C6134FFBB3EA4B6BFDE7EDCE80C82BADB4F34,
BU_LEATHER_5_NAME,62D7C5FA9C252BF49B8D15584D657CD0F3191140CF59B6A1A49ACE872649FC8C,
ACH_FLAWLESS_VICTORY_NAME,98EF4CAA58A9190AA5F9C6DE0A821D5819BEDB4A1E39A9F9F96C45F71DE980A4,
SPORE_TYRANT_NAME,AF0D80E35B49FC14227307635C1E7472440086FD9903BCBFFA35FB21CFD01BC8,
KEEP_IMPROVEMENT_12_NAME,837D4B13C38B9E3CD9F5EC4F68BCC776BD3CEAE0941A488BDFF1AD562348AA93,
ITEM_CHURCH_HEAVENS_BLESSING_NAME,194AAFCA5B62D6C9A76115D997184C232692CBB6B1A447882C4479E97C4EBBF2,
BLACKSMITH_IMPROVEMENT_3_DES,1FBA80C868E370358FC1168A6EED8C38E4B57E3C438C567909A088D12C5E75B2,
LOC_RENAME_CASTLE,419FB3B818E6E1061468F96A4E30A1831B2A1BF3BFAF4CB080E207E70DB53D38,
BLUEPRINT_SOURCE_QUEST,F49C6CE2590B1B8DC8DA008C948376259E794F3B42F0A3EE738A0593E54113F3,
IRON_IMPROVEMENT_3_NAME,7BBE3283F2046FF8466CA72878DC707777F7C2C5512479F8C5BAF90D6564D358,
BU_CHURCH_2_REWARD,3572CC8FD76347DBEFE34027E992C9E278E8C8347D583501EEE7F086274E8E15,
STONE_IMPROVEMENT_14_DES,577EAF8F273C609DE55ED0F90F59246A9FAE717442448362CE95AA186C8AF4EF,
EYE_NAME,46F25B36E571D55638538FFF8F80FF4EA32FFA54586D30D5612A7584A7A99A8B,
MAGIC_IMPROVEMENT_15_NAME,6608F2F687B69A9F98B6645B72D394AABFDBAAA9D9549A3A69815A85703BB16A,
supplies,3DC548D7CDB8D1638E664F7EB425D7EC7972254E0C2EB4B138863D17CA937BA9,
ACH_SURVIVE_PLAGUE_DES,15B069B8BFF1176DD70CDCAA3AD47FA5EE39799C29908A04C1EE26E4AF43BBD1,
LOC_CHURCH,837AA0D985B27908439665FD776C4D61DC117E0EFB1094FCED706F2A11C1A4A1,
BU_QUARRY_5_NAME,B382B3BB9F8A9D6EF3F95A7040DC81A477BCF2F6F0E07FAFB19EB1AEE9BD9334,
BU_LIBRARY_2_DES,EE10F2A4857B1FD423EA9ED0F072886AA1447D2866D9865C84085C4221D7DF94,
BU_BLACKSMITH_3_DES,A7E399AE18977A99630657E92E1D4F206272F259C37FF18383EDF0263511F9B6,
KEEP_IMPROVEMENT_12_DES,85BE60AC3DB179BACD9F10DF9F59280661423C7D8B7E92C7FEFFA2663DA6AF08,
BLACKSMITH_IMPROVEMENT_6_NAME,A4E5FB722EE57C7CE23083AB61495BBE0F55F09AF1E48B5DACD932664533C806,
LEATHER_IMPROVEMENT_10_DES,2F31CFAD35B058882E248F68690A04FEA11F97D25A7D9B936A44103681BA8027,
ALCHEMIST_IMPROVEMENT_5_NAME,4B546B9B04CB351B35C339E53EAAF414D73BAA60FFE0A77BFB6AD61A8A0930E0,
MAGIC_IMPROVEMENT_5_NAME,125DD7C55B31E48658A6AD525D18C8781DED0C12EA06C8AC0484073646BA682D,
BU_SOUTHERN_WALL_1_DES,04C25B587A288637C481F2D9DC87A5AFD1B502CD6EF950ACA435C6512AC92C82,
ACH_DEFEAT_ASHENHOLT_DES,B3DDD85C3794B9A1A2955ACD1125FBDE02C4FDD9E645F09A538AA0E7CA4EA9DD,
BU_ALCHEMIST_3_REWARD,E94251EE24F1C1A1A6B38BD4DAA9495F56C7A2B38F496E697588322BAC29119E,
WOOD_IMPROVEMENT_10_NAME,E979EA2DF505DA75D448E38CEA41F6DD7E75826B4CD4019F142191805E5C066D,
MAGIC_IMPROVEMENT_1_NAME,30C8137F51B0FBD2A393D62EF81921D2CF0BC5C4B2D1063DA818EA71350632F2,
ITEM_ALCHEMIST_GOLD_FINDING_POTION_NAME,35C2664134C6483FAED98F8F785880D85C47248E084D81AE0EB76663EBDE6E8D,
POLICY_CHURCH_SOUP_KITCHEN_DESCRIPTION,78B6758F400252A2CCDF41F6A054ABC405A5438F737DDB1BB7DF34C0A9315259,
BU_CHURCH_5_DES,70050A17A2488353C2BF23190AB7D8C3A6F1A2D5CA6E42214A7E787D7E31EB94,
IRON_IMPROVEMENT_7_NAME,99E13F91A4B90C8E068FD0C7E8AB2FE47AF5F18C0892F6FD743A4AB96AF670D4,
BU_MARKET_5_NAME,F314464ACFFC0D88203FCB55407272C10B08DA73119F7F044A95ED800FD0DFA1,
MAGIC_SKILLED_LABOUR_2_NAME,53D6CDB0FED1C70E482F041F0358D68F3D6B6073E1D59665298EB2CCA0065E83,
STONE_IMPROVEMENT_8_NAME,99E13F91A4B90C8E068FD0C7E8AB2FE47AF5F18C0892F6FD743A4AB96AF670D4,
BU_QUARRY_4_NAME,1F2A9D3EA2DBFEFF2C9240FFCC65BED94974D5A952D8BC5AC405717DF13DECB8,
Stone Extras,E7418D51679D58FA466B8D57C66E57566FA9EAA0A2912760949B57B95D30081A,
TOTAL_HP,CECBC7972A49B666AF8EB33AD14B7327A02471B83954DAB33A3BC550D2DBCA37,
BLACKSMITH_IMPROVEMENT_7_NAME,8DA8C3A5C7B59BAA103EE8ACAFB0D02E64F865E6442EBDF0D517B2657CC9AEAE,
LOC_RENAME_LIBRARY,6CD2E331855DA821EC18452EF337985A5DC2F2EE6EB0BC2B0C894768D5A95C32,
BU_KEEP_4_NAME,183F00F483D3844E875D26EAC74C676054383AEF38ED5A8E4D1505EF21008585,
LEATHER_IMPROVEMENT_1_DES,F43CB0D7656D5879CE978F8777DE1976B3556EC2EA4D53F92F5169C74C796211,
TAVERN_IMPROVEMENT_3_NAME,E7EA5F32245436FE45CA9BF98D7B918C6D5EE56AA05E6FECDA294F5FC8A64868,
MAGIC_IMPROVEMENT_6_NAME,A732E8BEE213AB192E1AE2E600F32CDADE63ABD057F5AA85A0CC6C407BDA27A6,
ITEM_MAGIC_UNNATURAL_GROWTH_DESCRIPTION,9DE7AC62DA6511EBDCEE567BE66E27E745D159D6C087A4CF3FB2397825CC198E,
CARPENTER_IMPROVEMENT_11_NAME,0CB88FFE98B94B2BCFA6E354481D793EB6C7A798E6F1A9D6A0BC3ED1CDE1A12F,
UPG_BOOK_PAGE_TITLE_FARM,3457B1617FE56912104FC55806C28DFCA8A70A42AC40E6569982A79A71141365,
BU_KEEP_3_NAME,8A7DF8850769AD5CC032096D3572D2DD45EC96C04283C2B1452CF4873919145D,
QUARRY_SKILLED_LABOUR_4_DES,57B66CFE0031CEED21CAA9D97ECFF2EDA6859FB42823884DCA00A2470F8E2002,
ROTTEN_ZOMBIE_NAME_PLURAL,2AE6C05C8BB61A5ED99793FF884181AE5F26B6C6D3AFFD1CAE0D48910AF421DC,
GUARDS_IMPROVEMENT_6_DES,C50BAC32E82882B42A8AB3E250A9FD009C174DCB03F852FC2C99403046DB2334,
BU_FARM_4_DES,F32621229F6102CBE8517AAF3290AC95CDE4B5B93D8ACCAF0DF70938891D9A86,
BU_DOCKS_1_NAME,1C97A606A945AEB1895D8862F7AA39C09648D91A00D217CBE31FC1FE3DD7CD55,
KEEP_IMPROVEMENT_3_NAME,DA1A3FD58B3CF6C58B5E176E06C335BC25B7444A59472138411572F782E4E6DA,
ACH_RECRUIT_WIZARD_NAME,4272C26290AB2AAF872C7F730AE0DEEAB0F1C64C0474CD7761081FB6944376DD,
MAGE_IMPROVEMENT_16_NAME,6BE9F2C596C5006DAE75BE57E5A14FC1C2AA2F95C6D41A519CC519B8AE55C729,
BU_CLIFF_1_DES,B2CF9A9A9AAFD03BA97B23D415864858EA33B60F6E229EDE63E85344C0E9B89D,
QUEST_LOG_NO_ADDITIONAL_REQUIREMENTS,49EF6AA7289AD4C50190553D8B5FF849AE7C0247E096931EE4D9501FB2368F86,
WORLD_MAP_DEMAND_VERY_HIGH,DDA45C5E60135C68A5CC7D1A236175CBDD18E3ED4AC05E7A35EBDA91B6A4DCBE,
BLACKSMITH_IMPROVEMENT_5_DES,A9E7057E52B890B060F0608F9B6E96DDEB641BEEBAD9CCE2B285C608BB74BB66,
UPG_BOOK_PAGE_TITLE_LEADER,B2A40010091911D7EE463589DA25489FE84F5D84787F527EDD338AE4BD4FE29F,
BU_ALCHEMIST_2_DES,4CFEA8BBC9F90FB28261EAF880DF82525F1B277623A2574CC8D0E68EE03E0454,
BU_HOUSES_5_NAME,BD4D2C86766DC382898BB866CF4A92D0263DDA029B4F70A5E74FBD8A97BDAFB0,
BU_GOLD_MINE_5_NAME,2C120477A179CC6217D031E18EDEDD6FFE88DBA0FC0A95D8B052ED2B3D932A53,
BU_TOWN_SQUARE_3_DES,9F80C061FA5118759F82B28824B9EE95926145DD49ADDCCDB31C839C96E7D8EC,
LOC_CARPENTER,ECD094C866F034241EF8B6AE9E9404CD9652DA721C1B65DE391E8F6A0A922DDD,
BU_IRON_MINE_4_NAME,D8F65D672920496A245E8E16905DD3CA634E4E3224EBF8FEEC2934BE555C49D7,
BU_DOCKS_3_DES,A15DFEA79D686882E9D048D0D599C36951AEB28244930D330F0CBB37CD7F6023,
ITEM_CHURCH_PRAYERS_OF_INTERCESSION_NAME,C3663E2BEB29941F5047E36C6E825BF3E1BC6346016A7CB267655F9B37E6DF31,
HUNTING_IMPROVEMENT_10_NAME,DBF066C5FAD58D779725DA5750040D94A5819C2E8B06E6FE550074746F961377,
BU_IRON_MINE_5_NAME,668BF51FB5952928ADA0A5B51F9CEB98D35AF811A4B2F7F2507ADDA3E270D5E5,
QUARRY_SKILLED_LABOUR_5_NAME,CD0D07F45D064C848B3E62CEE7A5D7DC89C0384749EFD052B5B11AE1444FD99E,
TAVERN_IMPROVEMENT_8_DES,2CBF3E2D461244826261080464D12BAD591466A74A7163CF5EF8884F21C3EF9F,
BU_SWAMP_1_REWARD,E3B776D1DA0AB9FBC9DA4909D7DFF5B3A713B1695C5D3D1091417586C72A5DB5,
UPG_BOOK_PAGE_TITLE_TAVERN,255A70FD8EBFCBCFA78FD0A378C65BC516B7CBFDB6EBB78533D6890BB6190CC6,
FISHING_IMPROVEMENT_8_NAME,86ACF8A2126F39AE839A7C0DE984810D59089F7FEA18B9F36B52B1EA2B54D271,
IRON_IMPROVEMENT_9_NAME,DBF066C5FAD58D779725DA5750040D94A5819C2E8B06E6FE550074746F961377,
cargo,3322532D8589F95C912A7C956AECD5B0D8847263B9021438C72A126041F612E8,
FARM_IMPROVEMENT_18_DES,E52D7371CA9C42581E772D748A6DDDAD40E1D80C0FBC8647E9DD172A03EB48A0,
MAGIC_IMPROVEMENT_3_NAME,7BBE3283F2046FF8466CA72878DC707777F7C2C5512479F8C5BAF90D6564D358,
QUEST_LOG_REQ_SOLDIERS,ACDCBD668A34899C00E9D16F3FC67C24DBDB61C7DD43A4B1986CF39A0BEBD9F2,
BU_HOUSES_7_REWARD,E9C289637037FE8B4DB465009B0C966D3972F65D27E2A069E2CDFC8D7575BE65,
BU_KEEP_4_REWARD,AD2008DBEEF7A5E8F1799AD998FCC509E882C1C0EC6EF574D0DBDD6276339C6F,
WOOD_IMPROVEMENT_11_NAME,6171D98B59CC83C5F20490454384C4CF9CE2D5483B1CF68A483CF4E30AC7EFA6,
ITEM_ALCHEMIST_CONVERT_IRON_TO_GOLD_DESCRIPTION,39AF3B36C1C56A307EAD5536467686EC31866C1C049E0FA647651EE98C5DFB47,
BLACKSMITH_IMPROVEMENT_6_DES,C495231B4EC242B3ED29C135DFCE09C9F49DA653ADA189CE2843DAF3DF427637,
BLACKSMITH_IMPROVEMENT_8_NAME,90411F4643D8D4E9DE29CDF004154BD554DA2D62E50DA6120B199FD4F0603875,
ALCHEMIST_IMPROVEMENT_1_DES,1C2C5F33886CA3187D4C86C9362FD27830019B4089676A9C2EF4C3F7F9C58025,
BU_LEATHER_4_DES,3EEAE0B4FA448311DEF3422D0AFA99654CC318CB73647740763B3939E4D58811,
BU_NORTHERN_WALL_5_NAME,C1BD6D24101B6550419691120DF678DCB3981F4D72C17C138DE7CA3DD20B38CF,
MARKET_IMPROVEMENT_1_DES,05275B466166647AAFFBA3660411DD80E4AEC324AF2DDD853940E6908BBFB9A1,
WORLD_MAP_DEMAND_UNKNOWN,40B64F28F9076AA5C40A0A9CEC6D6320158C72D41CCAE2EC1B15F2AE29BA856E,
POLICY_IMMIGRATION_POP_INCREASE,11D405A3B4BDE5D209F3AB85CA314D909F634CB911335926045FD254A546E1FF,
HIGH_FOOD_BONUS,5848634FEF14CBFBC2A38E69311F0CAF3E7259517F22223F7E697704E050EDC0,
POLICY_KEEP_MEDIUM_TAXES_NAME,86954CC4D6FEABECF073862EEB99757D0A9615A4DA2403710F69CA4EB19294AC,
HUNTING_IMPROVEMENT_2_NAME,A376FBFBCCE3AF11093DA7655D1C839A9185BC6805787844B2F0219E128EDCA5,
ENEMY_CATEGORY_GOBLIN,47B56F5CC6399DFB42358163F01156882F07E8AC717110FA054F0F1010D47A2C,
BU_SOUTHERN_WALL_4_REWARD,241FC2ED3653AA0F9D6893985D0E12481AAE9AECE8866CE08A24B58C5295956B,
QUARRY_SKILLED_LABOUR_2_NAME,53D6CDB0FED1C70E482F041F0358D68F3D6B6073E1D59665298EB2CCA0065E83,
BU_TOWN_GUARDS_4_REWARD,B83A4DCBE7D5EE4BA2137273BCFB6D1FD2193B5CA4E4CE7099F2DE3A1569CC01,
MILITARY_UPKEEP_TITLE,7671224C5C511D450BFB285AB09E0518B922CF515D14E09EEE0DFD95A2B6CABD,
BU_MAGIC_3_REWARD,97900C7DA8E3574721E621F1263E7B0C74A9B88F57B3A5FE3E8DB0F7FFA592C9,
BU_WAREHOUSE_2_REWARD,13921F40471DF0E9BC8592964BA8377D9BD5E09812BEBBAC0FCBA3C118A5A14A,
LIBRARY_IMPROVEMENT_1_NAME,C2A7E71936D776DABD43CEBC57D29571AC9222D0F3260C19EE21D6CC9F8B6374,
HUNTING_IMPROVEMENT_18_DES,6B52CCDE1DA97D0AD8B1812C58364FC93AD339FBF1DDF1320C2D21DDE3432D60,
LEATHER_IMPROVEMENT_4_DES,2F31CFAD35B058882E248F68690A04FEA11F97D25A7D9B936A44103681BA8027,
HUNTING_IMPROVEMENT_12_DES,4504C4CEBB579847B7BC238CA9E3D43952A7ADE28A1380B42C6B10E69B37EDFE,
GOLD_SKILLED_LABOUR_5_DES,0640DFB821DAA68333BE2D4A65DC648BCB2FE3760A97C2295E3942FB3A899A7F,
ITEM_ALCHEMIST_IRON_FINDING_POTION_DESCRIPTION,B15F070E0F4D627C516EBD295B0547C046236C511569028D39C7A1F9944919D5,
ITEM_MAGIC_ENCHANT_WEAPONS_I_NAME,1CEB23D0ADA0044AFBEB29850A65FE9C40B9C0B9FACC4395CFBD4864F4972302,
WOOD_IMPROVEMENT_3_DES,AE31FD2E3BD2585C73CAA188D5956B2A0C34BAC8A508489AF07DDC0523244939,
GOLD_IMPROVEMENT_15_DES,C3BC18E31C9B00DEEAC421563CCD829A50DB1EEE53919BD13431746D5F77E745,
CORRUPTED_BANDIT_NAME,B58620D272E4C6D4115D9613BFDF4563180052F257BD9D7F8BA936A7B964C9EF,
POLICY_CHURCH_TITHES_NAME,E106C361CD2CA8C1767DD9FD457C18E55F7125FA2D81338D91AEAA5278538B8E,
BU_SWAMP_3_DES,615005CE2C8336FFFFE7359CAE8941D1F97983EA7F02851F1340F1BFC6A14910,
CARPENTER_IMPROVEMENT_5_NAME,0E44B94D19E17D8E1D5A402E0A919466349AC00F63DDCB80EB6418C845AA798A,
LEATHER_IMPROVEMENT_2_NAME,6DE58B5EB5CA6EAA92353D1CD88A9F148E64D84466F736B180A0BA54C1BD71D5,
NOTIFICATION_BATTLE_DEFEAT_SIMPLE,0A0DCBD8F21D05309C96444BB7DC2D60373792E3D09B552E8B8D79D100D80862,Thất bại trước %d %s
MAGIC_SKILLED_LABOUR_4_DES,E8264E5EF544EB4ECC43CD247FD5EE6ECDB6A31056BEA38836A8DBDF8EE8E27C,
BU_TAVERN_1_DES,CD5E4FEB09BEB7AFB9B374A53120DCDCDB1B554F836EA497873C7488475CA709,
BU_GOLD_MINE_4_NAME,6C048B1CF00018671B1C568B792A819ECBD11911B8CA4D0679D9DF151CCDB99F,
CARPENTER_IMPROVEMENT_1_DES,4E1006CF78BB5663DC644234F33A0C867631DEDEF6E10259B7AAEB598576AB67,
BU_CARPENTER_4_NAME,E55FBEDEF04083D20120E3C6A448B4EA0C7375E2BCB1B8510CF76A9078AE8D13,
LEADERSHIP,EC75F79040AF17557C450E94A4214A484350634A433592D2EB31784C5A46E865,
BU_ALCHEMIST_4_REWARD,E94251EE24F1C1A1A6B38BD4DAA9495F56C7A2B38F496E697588322BAC29119E,
NOTIFICATION_MONSTER_ARMY_APPROACHING,1558B014061EBD760E5CEC29CAE585427D46B3FE0FD4572E79B7C053C5A8E740,Một đội quân %s đang tiến đến.
WOOD_IMPROVEMENT_5_DES,B731F8E3F9C1701E0D537268F94DA48049EF4C28F665980FE584B751C1655BA2,
SHOP_POLICY_SUFFIX,D3AD1F1F8C9C4F5A4A593571085513A467305094C2F345ABC62A00DF0BD23B90,
BLACKSMITH_IMPROVEMENT_7_DES,1FBA80C868E370358FC1168A6EED8C38E4B57E3C438C567909A088D12C5E75B2,
UPG_BOOK_PAGE_TITLE_BLACKSMITH,B919E17ACB83BADD40911D7B4C6EC63828B11F8D0C365E041C24DB1E73E155C0,
BU_SOUTHERN_WALL_2_DES,8BF0C0EAE5606C5F691D672FA20F7A0C83838164B67C2F9DBCD9CFE984B0D159,
BU_GOLD_MINE_5_REWARD,14C3605951EF5E91DA1B9C71004394AF00D942070E6EC008602A53F1AF7CD088,
IRONREND,62F75D052142DEB59E219ED86C42A58F25692D4A46AAC8B69EA4023020AF2702,
HAPPINESS,A908CBD5564B2BF149CDC53C4BDA0DEE4F1A247FC4807DA7443DA6017E56BB06,
DIRE_BAT_NAME,695FBBC9BD6A644824E764D659C9623F0DFCDE7ADF2AB4FE210CF8143C00B655,
DIF_HIGH,C4EBC6D4A5832CD9415F906AD03661110C705A72381C8B8B145761D02E2DD23A,
BU_WAREHOUSE_2_DES,204094C0664B8BF934F77EE70C7338E5DA342E1F8822B07B7BEFE95A5B8D1563,
MAGE_IMPROVEMENT_9_NAME,ACA47879A09F7DC80724765D9228504E43A269557FE3032DC7FEF58A4A06CF2D,
MAGE_IMPROVEMENT_7_DES,E4FE069D711294EF372263430768DB39D14DD6025085F06EFCA2E6FB7A353CD1,
WOOD_IMPROVEMENT_6_DES,AE31FD2E3BD2585C73CAA188D5956B2A0C34BAC8A508489AF07DDC0523244939,
KEEP_IMPROVEMENT_13_DES,D5177B236448BA1DBDC299DD8C4116736E2C6813F8C61AE1B56E6C45F9608855,
ORC_BERSERKER_NAME,0F886DDBE5F35BB35B7CAC4DD7EBF54715818632452F702A7068DB8C0AA493DA,
ITEM_MAGIC_MANA_TAP_DESCRIPTION,BDD98B8481D395F2688A25E20358E49C4D1518781B2E58AF0931A71D9CBFD13C,
DEBUFF_RECENTLY_RAIDED_DESCRIPTION,D8204164BD06F04E4EE7BED6547BC558A92EC520080CF2C901A13DE21C85FEBF,
ACH_COMPLETE_GENTLE_DES,6C711E62FEEF4F3D645D5BF0E02D3002B7B33C1A3545DACAA4C93F3377454254,
QUEST_OBJECTIVE32B,CA2BC9226B00C47001C9EA324D512F48A0B1C99566F71E58730DF95F74854CF1,
BU_TOWN_SQUARE_2_DES,34A3EA4DC3CCFF4175145F43104364DC2FFF49E288D72020C90A88C05580D35A,
KEEP_IMPROVEMENT_7_DES,77068875A4027ACE6007A7CA0394950AB584B4549932A25116F840442C679B73,
BU_IRON_MINE_5_REWARD,496E4E231DEC5D717EDAB99F38505E13A146CEAD7164E75D8126A1B7878B7BF0,
STONE_IMPROVEMENT_7_NAME,A732E8BEE213AB192E1AE2E600F32CDADE63ABD057F5AA85A0CC6C407BDA27A6,
SAVE_SLOT,E0969F07A0508E292B96D4C4032C9B405EF2B9822BB92C8DAEE9BC131CD5E41D,Ô lưu
IRON_SKILLED_LABOUR_3_DES,87C41DCE512198A1610BC3DCE0AA0E689846E7B448089FD163AB4EA386544DDB,
BU_ROAD_4_DES,74E6276A0D71F09A9C20790F1021F3E2CF074691E76EE62FA5A455C9B28B17D4,
BU_TOWN_SQUARE_7_REWARD,71D713CF6CF6ED4F55A102CBA07F1B7D80B58F92CAD9553D758D1455245530F5,
ITEM_MAGIC_ENCHANT_ARMOUR_I_NAME,850DF5E2C5AF85A56DA12F6CF290C0CD494AB0BF62C90D662B3ACA8DEE9EA7B7,
ONGOING_EFFECT,A90620097624CAE57EDB193379E4A70F87B34096ACC7C5D0B07D957B947A3E22,
STONE,6FFA6B8B1C9FA11CB67A0A54B7E3E175DFB7EDCB8E8D322148A3B00AFFC4A842,Đá
ITEM_CHURCH_DIVINE_INTERVENTION_DESCRIPTION,8899884A4BEE98890ECC35CD7679B5D7E0DB0B4BD2C1367BDFFF9CC9127F80F9,
UPG_BOOK_PAGE_TITLE_MARKET,5238D9BD03D543E62FFF76CBEA6A2392A95F42110E36C282E4C919991F607DAF,
BU_CARPENTER_4_REWARD,7B5DD2C928E4DAC1272311D0600CB9244147D57272E75EA163DEB4E174DDA70B,
BU_LIBRARY_1_DES,3B43DA66BFFDD1611AD7C9449631D76FF11D000C6F5E7FC0B841BC2DFEB22F18,
LOC_TOWN_SQUARE,3016539813B70937B95AFD902501E067282A49FDD209FB66A013B2F36443BE68,
LOC_RENAME_GOLD,12AECF86C3764B0B84955E76E67BD9263FD224DE2F7A3EF9218F7DFD92C6FFCC,
BU_LIBRARY_3_DES,81212B66F08EAAD18B35CB4783822C360D5519E8B1D29ADA86551133B9559E63,
wages,678DB3BC7BC781B328E89D758722F3186B48D153EFB5F3BC91A910F4DCC6B29A,
BU_CHURCH_3_REWARD,3572CC8FD76347DBEFE34027E992C9E278E8C8347D583501EEE7F086274E8E15,
WOOD_IMPROVEMENT_9_DES,AE31FD2E3BD2585C73CAA188D5956B2A0C34BAC8A508489AF07DDC0523244939,
BU_LUMBER_3_REWARD,83B8F39FFC8E09D2A370EF5252204DF64A85DC6172B2336BDFF7A466B0FB8391,
BU_ALCHEMIST_5_DES,69623BDFC091A438D4381D3CB3CE5AF3663410999B06D30D594CB1C0E47FA280,
QUANTITY_A_THRONG_OF,141304082963820D4270499CD8ABFA576213A52CAC0509A0A34AE27CF0E856B4,
DIFFICULTY_EASY_DESCRIPTION,846482E932A7B053B33EC4C9775AD14F043E095C15952148A4CBBA38C301C044,"[b]Quân địch ít hơn nhiều

Giảm chi phí duy trì binh lính

Giảm lượng lương thực tiêu thụ[/b]

Trải nghiệm thư thả hơn. Quân địch xuất hiện với số lượng nhỏ hơn nhiều và việc giữ phòng thủ vững rẻ hơn đáng kể. Vẫn sẽ có thử thách, nhưng bạn dễ dàng vượt qua.

Hãy chọn chế độ này nếu bạn muốn thư giãn và tập trung xây dựng thị trấn của mình."
BU_LIBRARY_2_NAME,681CC716ED36DF8A0A4F85A0C764A77F44076001DA0FD7DBBDDC462170111567,
GUARDS_IMPROVEMENT_13_NAME,434761A284A1CDD73DD9A7072F1CC8F47802F32B47AC944F31868A6E832D53CF,
KEEP_IMPROVEMENT_17_NAME,EC897DEECC1A6705C52F9885617C45C61DA855DB438552097D43179EC8688DCD,
QUEST_DESCRIPTION8,D6BE9D1AEE6CE15D0FBBB54C943B471C6E0AEEED5020EA8468523F8BDE09FD1F,
BU_LEATHER_4_REWARD,0B233F4A9D119D5D79AC3A803663DB2C276F2E41596464634F1126C5969AEA10,
QUEST_DESCRIPTION9,8343F38312AB68BEF04F602AEB490D2BE28602C773274C98F06A382FAF630C8E,
BU_TOWN_SQUARE_1_DES,EADAB56F1E8B50685F15D47A9A119837D18790DF1FEA528522746396F261003F,
CREDITS_PUBLISHED_BY,D225216A3A710DBDC6BDB44BAB9370ACB948D232D46B0D0FEF4AE24428D56B44,Phát hành bởi
TAVERN_IMPROVEMENT_9_NAME,9B052D8A12FF04FE8F9728E537AE8BCEADA5F3E0CBE2F67CA3B3661090AC7FD3,
CHURCH_IMPROVEMENT_6_DES,F863CE8582FB01080E3E2F5055B91CAEFC503341EB09B4254B2A2E4034F7E2DE,
QUEST_DESCRIPTION4,CAE610B115475388FC3498958B90E0615CF148C05EC97EB934B3B61B13AA1D49,
STONE_IMPROVEMENT_16_NAME,9414A53F92ABEEA4E49BFE27E30B13CAEE76DF8ECFDD9446D1117193B3B27FE3,
QUEST_DESCRIPTION5,81EB3BB78A0EDDE01A0DF74D5EABD3F2D839086FF94FA75E83D79BE6732F93B5,
OPTIONS_MENU_DISABLE_POI_ARROW,0D0A67F9566461C1F48F806F9FBE3E7AF19B5B85B20CC56D11102E2EC1BDD59A,Tắt mũi tên xanh
QUEST_DESCRIPTION6,A2FC61DB9F42B11BC5D52151F1CE7355C94239342B1255C635C7E4E86E9C9112,
QUEST_DESCRIPTION7,7D5BA93DBBF600094683D63BB84D44704F3B3411132716BBE634ADBEB4D40778,
BU_FISHING_6_REWARD,7F15C31215AC49B17445B57A8498E0E62A59BED795E008F3ECDB4F6DD6AF7967,
QUEST_DESCRIPTION2,2557BF6D0917ECCE5C18E6E791F77EAB42726F96D99B294F05ABC813BDD619D3,
QUEST_DESCRIPTION3,A734808D87CB6BC9BB86A2DF46FC889814D19D770F7D0A81D9F0A6487784A4AB,
BU_TOWN_SQUARE_9_DES,24E0B97AD16B11F9EE2D0ABC03A5B79333233D3D1C502EF140A79B036049CF5E,
IRON_IMPROVEMENT_11_NAME,3A65431F4834754AE7280D30D460933C8190439EECEB6A8C8E2F79AE1556C18C,
FISHING_IMPROVEMENT_14_DES,F68A7C8C978911B209DABA7551ED7EAB589DB7B07BE483A94A7A584408788112,
ANCIENT_SKELETON_NAME_PLURAL,B777C980513CD566AD79F4389F7803CE58DD608CF92114B44B20EDA22F74B3C2,
ZOMBIE_NAME_PLURAL,F0DD1D97E8328693FC332A6477757CF2B03C70C16F85EDC9B34D74221ECAF809,
GAME_MENU_RESUME,95FAE3B38C7463A172F08BD55CF542FF215BCDDD722E7BE1D92A454E0EC9D3FD,Tiếp tục game
TAVERN_IMPROVEMENT_4_NAME,8EF361C847A7E047223612F34A6AF6BF9CFA70E489005B472C3E46144D67258F,
TAVERN_IMPROVEMENT_7_DES,0E6F9078FCA721558FBA54ED7A4DC2DDB1522A36320A55F69C91D8D2CFED0496,
MEDIUM_FOOD_BONUS,98D6F3B5E2FD6DF46A6875F0CDED6A63B674C9A2471630056078144C0C6E488D,
TAVERN_IMPROVEMENT_3_DES,17C7714CB954ED23101C1986811121CC5D26694A4FB067ABBF0C18CDEFFAC0F5,
ITEM_CALL_TO_ARMS_DESCRIPTION,012AA0A8359AEA252ED4134AFDBCCCCA0E55D1A50EBAB43C7606BCB50CB9F71C,
FISHING_SKILLED_LABOUR_4_DES,532712FF3EC5603C6F381EF1E309082CBBF7D88ABC6D8F440B3439BC05F4DD40,
BLACKSMITH_IMPROVEMENT_19_NAME,6E22208F6E6C14A72ECF3BC260B0E73D7E2AA5408BA92AA655FDE1AD1C478E70,
STONE_IMPROVEMENT_4_NAME,A6874DC6C75007AE5C584D3AC76B7695C123D45A029E239FEC1EB81D40527541,
BU_HOUSES_6_DES,0060C94B7120E1E08D99DA4072E79DCB43EF0337B96842E08D7550FA466A869C,
BU_BLACKSMITH_2_DES,E10D40A814236172EA74D3D576B89D6137E557EC1E73E5F811B0940346CCE66E,
UPG_BOOK_UNLOCK_REQUIREMENT,96814E03BBF0A2608CBC23D9A99D25A86301E2D2FB315D7A015DD7548E4F0CDC,
GOLD_IMPROVEMENT_3_DES,C3BC18E31C9B00DEEAC421563CCD829A50DB1EEE53919BD13431746D5F77E745,
BEHOLDER_SPAWN_NAME_PLURAL,3A179958CFD8D6CB072DB3317648BC97282440991A3BBD7F44D393FA898C0147,
BU_LUMBER_1_REWARD,B6582A5E5A761B7B2F4609545906F6D1F67245B3C339F2C4A2D0C2B9F202051D,
BU_HOUSES_3_DES,76BD05AC348F4CFE15E496FD1E44EDE0D204ABD3894E386E1B885B58B8A945DB,
MAGIC_SKILLED_LABOUR_5_DES,E8264E5EF544EB4ECC43CD247FD5EE6ECDB6A31056BEA38836A8DBDF8EE8E27C,
ITEM_MAGIC_STABLE_PORTAL_NAME,3A2B3E8116B3C2E3CF0E3241FC2DA483481D7056DA6EF060466738F7B2ED4B25,
HOUSING_FULL,050E31B24DD6E7D301A2A3D8C416B6ECF2120CBB07AFFC3E0AA20C08AF07BADB,
WOOD_IMPROVEMENT_14_NAME,9E29074777F5E694BF902BBFC884FE9607465564D273C8B2A31954EF8CCBF092,
GUARDS_IMPROVEMENT_10_DES,E2A73DE63E2995E764F13A11ABA3B4A4FFDB731E1827517CC5CB15B17D623DE1,
MAGE_IMPROVEMENT_14_NAME,3787364E6D3190BC6F733FED19F8C57BED3B1C7F7152489528BFBB4B1E1498CE,
STONE_IMPROVEMENT_3_NAME,7BBE3283F2046FF8466CA72878DC707777F7C2C5512479F8C5BAF90D6564D358,
BU_TOWN_GUARDS_4_NAME,856CA65DECC2078001E8475B63A6FA6A902411D4588FFEAD43B413FCB5F51224,
UPG_BOOK_PAGE_TITLE_LIBRARY,512AB3C6B9869577BD4474C56B88F9E3F1C40C54D18E8E5A2329821254D362D2,
BU_TAVERN_2_DES,C135D1389EF7E626239FA6C35CC5457477F3879B2420CD0C0CFA393AD1B57E80,
HUNTING_IMPROVEMENT_6_DES,550DAD427852281EA69A441C9640FEED3FF7A410A1B07C9AD991CAF59ED9C56B,
BU_SWAMP_5_NAME,60F7B18BCD9DCBB0A28DCF86C5FC8F725CEA702A5227F761516DAB7DDD6A6DDF,
DIFFICULTY_NORMAL,B3EE96C93CE5DE1CAAF8161A254F5FE9553B851649E85C049E2ACE8A6BF7648C,Ổn định
BU_IRON_MINE_2_NAME,784F1CFDAA87FFABC5011DEC189FCD008154B979DBC7AB41F8C3C6A6ADD34246,
LOC_TOWN_GUARDS,4E40E6848952DE376D9AFA58E824D7187278857DD754FF28C40CD14E8439FC56,
DEBUFF_RECENT_STARVATION_1_DESCRIPTION,78944365E9BA8836DD7AE5C00942F7C9B91A5C58EE8F2187DA934FF1A2DDDCB7,
UPG_BOOK_UPGRADES,E02A5941602A57C3C2F17EAFE2BF11C64BBA85755ACE8983C10ED23F1D4B286F,
QUANTITY_A_HORDE_OF,69E8C89B481FFB589AA502031E516CAE9D6E582BDF9A44FA8245F2B0853E764D,
BU_CARPENTER_1_DES,CD797A4C5AD83184FB54A554B2B015BEB18322FA41737F1885572CCFEEB04E82,
CREDITS_SPECIAL_THANKS_SUPPORT,8991050953D1E78738041535FFDF5539C3999011DE391123322830F43CA733E3,Mọi thứ sẽ không thể thành hiện thực nếu thiếu sự ủng hộ của bạn
BU_CARPENTER_5_REWARD,7B5DD2C928E4DAC1272311D0600CB9244147D57272E75EA163DEB4E174DDA70B,
NOTIFICATION_STARVATION_RECOVERED,B056B0ED88EDB7C52FCD614A5AB62B3ED26AC8DF12A70BA3AC7DAD58AE7A5294,Nạn đói đã kết thúc
BU_TOWN_GUARDS_5_REWARD,B83A4DCBE7D5EE4BA2137273BCFB6D1FD2193B5CA4E4CE7099F2DE3A1569CC01,
POLICY_FOREIGN_TAX_III_NAME,EB2B6F671F5F0DCD96B80399C345825E5A89E84E9915501631B1E611D8A06502,
END_CREDIT_TITLE,64186D3A47FA48395CA92BC8CF24DEB55EB59497BBFC14753195928EF292DA66,
BU_WAREHOUSE_5_REWARD,FC4A823B1E0F37CDA46C00617924847766C898A57A15FA8D30FCD06F3DFABDDC,
POLICY_FOREIGN_TAX_IV_NAME,EB2B6F671F5F0DCD96B80399C345825E5A89E84E9915501631B1E611D8A06502,
BU_GOLD_MINE_1_NAME,353F8E1E5CC79DB4DFFDC8E74D9D3CFA2A12B366A39A35D9494DE00AD99259FF,
MAGIC_IMPROVEMENT_8_NAME,58661DB3E349F0CBD99CDB0FE3A863181F1985A6B078B9AA7806464155861CF1,
BU_TAVERN_4_REWARD,9BC09C099EF005F42524514A7C65FC76AAD41228921065CC19BAEB2FF9348DE9,
BU_MARKET_4_NAME,761E98DAABE0A98CEB7C1CD727C3B4929D8EB7418938911491D81F7BB4310AE3,
IRON_SKILLED_LABOUR_4_DES,87C41DCE512198A1610BC3DCE0AA0E689846E7B448089FD163AB4EA386544DDB,
CONGESTION,3C2D453D09E1539F9671612B1FEFBF448D92C8B152C95675DB2677DFC4348E85,
WOOD,731140284EAC4ACA18AA8CFD15AD56F45D4423067910729CACCAF21683E013E1,Gỗ
MAGIC_IMPROVEMENT_7_NAME,C91CD42F1E34C5AC2ADC679F021F9C7ECF7248AE0900A1F460177DB66AB3657C,
BU_SOUTHERN_WALL_4_DES,00FD9946D53A014A91C3439A3C9D8FC94207DAC0B66E7D7449386AC0534E066D,
TAVERN_IMPROVEMENT_1_NAME,D7A42852F3DE80C7BF7F96618CA10A1CD626EBD5714308C5B437E1B1B07A9BEF,
BU_SWAMP_4_DES,2471D39ABC0CFF68809EC6135AA9A9AD4E550E3B36F0E39BEDD5A7DE5E618837,
LEATHER_IMPROVEMENT_4_NAME,95CF36E6D7C6EA8A3F0FC43385255089326D53679C1CE19C380C2783A0584DF0,
KEEP_IMPROVEMENT_4_NAME,1F22D4B8D3FC28FA4E03F952B812795571791330D201C3B9B603EB828A5C58E4,
BU_FISHING_4_NAME,8D3909942A19C7C9A6AC11D64C3F8B8DDA0703AAAA400FBA881FCEDE6874B492,
STONE_IMPROVEMENT_18_NAME,6608F2F687B69A9F98B6645B72D394AABFDBAAA9D9549A3A69815A85703BB16A,
MAGIC_IMPROVEMENT_12_NAME,35ECB7B3A2652825639CFE2FA3B180FC9AC833CEDFA63D442F35B2041862C92E,
MARKET_IMPROVEMENT_11_NAME,E7AE532BE34D686252146FBE2AD40079700B95FB6EDC2D2FE99DF8EC89318584,
BU_MAGIC_4_DES,E32F275DE551DEA71A01DF515943E67DAE0400782148F1B5FB9F500588080CFF,
BU_FARM_3_DES,C5F1A5C8D5026156BB32FDC62F388A1B769A9BD6C79252EACF3DCFF6DC05EAD8,
LIBRARY_IMPROVEMENT_6_NAME,80103E738F97C96CEDD77EE9EA6C88034B5649F422AD3D1B74153FF60C675482,
QUEST_WARNING_TITLE,52BB94CED459D746BFE8A67C2F9416276CD5B8B0F492C889EFF87903614631B9,
MAGIC_IMPROVEMENT_2_DES,F2D671D009EAC9C25764511F6240ED367AF5E562D7C8214C4FD209C7EE77ABD9,
MAGIC_IMPROVEMENT_9_NAME,DBF066C5FAD58D779725DA5750040D94A5819C2E8B06E6FE550074746F961377,
MAGIC_IMPROVEMENT_7_DES,9AC6A37D9831DECE7BACD18DF01482D59ED19FF0E5B4C749DE623E368E198E5F,
ITEM_LIBRARY_MASTER_BLUEPRINT_DESCRIPTION,B218B53D84B748E2F9854E581EDE220F4B40642A28A22711F941F36844ABF3CF,
BU_SWAMP_4_NAME,678E740E8E18607CDAA537CCD386936EA29974C711E651902492D05A78876E0C,
FARM_IMPROVEMENT_3_DES,E52D7371CA9C42581E772D748A6DDDAD40E1D80C0FBC8647E9DD172A03EB48A0,
ITEM_ALCHEMIST_IRON_FINDING_POTION_NAME,EFF10C2677331A21DA3677F4769E4FC26B2FBB7C0803DAA93AF574895580FDDE,
Multiplier A,6F0182B39564463DEF1DD982D01D42F14B5180823316D4192FF50531C55D7DC2,
DOCKS_IMPROVEMENT_3_DES,69BC0A88EA6329DAD2786DE87743FD0F20700E3CDF17EC7A61A4B041FE9EB7C6,
MARKET_IMPROVEMENT_12_DES,625360FA01C9D91FC65519FD55E2420243C872A98978CE763A6F7085EC5DA563,
BLACKSMITH_IMPROVEMENT_10_NAME,A103BC6B26C4438C35B1EA63FA9A34A8464295FD4ABD3733E1C9CC0C65A37EFD,
QUEST_LOG_REQ_LIBRARY_LEVEL,755BED8A1EF5D92654649B779696558A05E8A7837A7AB3EA43F8F6CCFB02384B,
BU_QUARRY_3_REWARD,05B64B5287AF0D29EE941E8AC0A9ECAF248F53867655212330C5333491698538,
ORC_NAME,3907AF2E3409C8737E09736DEE955306C798DC0C1CE5A728D2D806278F4D8E0B,
NOTIFICATION_BATTLE_VICTORY_SIMPLE,BA015DBCBC8F623ABBD8922C7A792EBA497C9D385D1C3AD410826302156DC333,Chiến thắng trước %d %s!
MAGIC_SKILLED_LABOUR_3_NAME,E66D0F9937A5BB94252CCED281AEBD7A49141E2553025875BF20CDEF582D7BB3,
WOOD_IMPROVEMENT_13_NAME,9414A53F92ABEEA4E49BFE27E30B13CAEE76DF8ECFDD9446D1117193B3B27FE3,
GAME_MENU_SAVE_EXIT,3D88800383B2A5E53545071DB3FE558CB2675569FB1214000BE7D0F79D8A04DD,Lưu và thoát
STONE_IMPROVEMENT_8_DES,AB6BFAFB77193AD54D4C0D05B1E6B09EA57089762C3EC7AE54A307B264C31721,
MILITARY_HAPPINESS,55D28C59CA48367CCEA0859D73D9F7321D26BD1CF9CBCFABA275FF72CF267830,
GUARDS_IMPROVEMENT_11_DES,767E66581D2453E5E3EB1AF009D75912E01885C96F5D56F69BD0561729230BE2,
BU_HUNTING_5_NAME,4C0D8BE424E2F8081BADB9A84805522EAA4133BF02B74E9FBB8BBED4A1F2E58A,
BU_BLACKSMITH_5_DES,BB48226C094D656B5D14BDD7C154652DB2771F3372275C7F05433852AE17A0A7,
OPTIONS_MENU_HOTKEYS,C15F1530D219F94A59B95B26AD33F38365CB4A94EEEB5EDD560AFC2FB0A1426E,Phím tắt
MAGE_IMPROVEMENT_9_DES,2524BBE16033E1F0E5B5732D195C7AB8B7EA23D024DE8D6DCB24E9E49E395279,
WOOD_IMPROVEMENT_3_NAME,7BBE3283F2046FF8466CA72878DC707777F7C2C5512479F8C5BAF90D6564D358,
ITEM_LIBRARY_ADVANCED_BLUEPRINT_DESCRIPTION,0550AC8081F68EE767FD4D167ACB0FA84B215D3F221A0874D1CDECF9B7444144,
BU_CLIFF_1_REWARD,31D17EB884E6F3FE486BE2250EFF2CB3232114714F0520F98009A0D523E4A070,
BU_KEEP_2_REWARD,A0FDC23971FCF1E77AB5A629FEFC554F5CA361C5C3AADA59AB6382E97DFFF54F,
QUEST_OBJECTIVE33B,E3FAE6DBF109A86FD623777752E680D08945BF5365E88C902063BEB357C34BD3,
BU_DOCKS_3_REWARD,D8562FEEBE81D3140164E82DE488DF8265D45612835DDB29D51DDECA96B8E775,
BU_TOWN_SQUARE_8_REWARD,7C424E02BC72168A0D21159DDEB203DF6300D864622BAA7860B74A72B4819996,
DOCKS_IMPROVEMENT_9_NAME,5BC38DDFB221F486DC6ED461F2CE9FA49C13AC5984287A015F72BC424BF373A3,
BU_IRON_MINE_3_REWARD,F7996745E8A9968BD96ECD04FBBE45292DD43536E541F8531928FD15B96EB002,
NOTE_CIVILIANS_SLAIN,0478CB12FB47CDF4580D5421E132456DC0FF82996F1D08BB3FCCCC075F4E51DE,
DOCKS_IMPROVEMENT_8_NAME,5A0E52B4C9DE1EDBEB39A7DAA4F868F7BA4E927BE09D3761B4EEAFEF2D2D6DEE,
QUARRY_SKILLED_LABOUR_3_NAME,E66D0F9937A5BB94252CCED281AEBD7A49141E2553025875BF20CDEF582D7BB3,
FARM_SKILLED_LABOUR_5_DES,66C320CCC1EC3B1D932AE05287A28A05BD61A511DCF309DA42B209A86C0A0D73,
KEEP_IMPROVEMENT_2_DES,A8166020BB5537E6743BA440699AA45889F878B554687AC83033099469D50E1F,
BU_BLACKSMITH_4_REWARD,FA1573A8A8B739E3A643EEC2073F79324A184B26D3E3A6233FF9E0A96554B0E0,
ALCHEMIST_IMPROVEMENT_10_NAME,419826A13E7EA2B02A28D3BC95705154F68405976036A8EC93C538049DFE7247,
CARPENTER_IMPROVEMENT_9_DES,42DB1D1756886A679851538C9BBDA81C037A242DB0599584BCE6B2D5B5D6FD5A,
BU_CHURCH_4_REWARD,3572CC8FD76347DBEFE34027E992C9E278E8C8347D583501EEE7F086274E8E15,
FISHING_IMPROVEMENT_9_DES,A74C1424C96CCA6DD0302F25B422D438C17C12185DAE8C900FB6991A0A79E8CA,
GOLD_IMPROVEMENT_14_NAME,592229FF28347BEDA94A251AC39E595329D886BB2F6DDDD2912D7E3A07B95294,
FISHING_IMPROVEMENT_4_DES,40B3F11D92853153231C24258309CF34ABF42C4AAC93ED211ABBDC3CE14AD837,
QUANTITY_SEVERAL,FC7323A303AD0D3951138CB3B79A417065907CBDD3A90B3C07B9A96B8F866C85,
ITEM_MAGIC_ONE_WAY_PORTAL_DESCRIPTION,189262A6DF99380BCBDB94DD04F6CC5AC91B36130D3DC10AA1D23239BD499C0F,
RUBESCAIRN_TRADE_AGREEMENT,E0CCA292AB979D87E7EF0EAB218F8F4F5E746165888E2C0CD2A061BF1D67C2BF,
WOOD_SKILLED_LABOUR_2_NAME,53D6CDB0FED1C70E482F041F0358D68F3D6B6073E1D59665298EB2CCA0065E83,
MILITARY_TRAINING_TITLE,36A798E3F39239CCDEC697EE348D2CE0A7B8D2D9087940496E2CA5D0853399F2,
BU_FISHING_2_REWARD,006F28CF1DE17792A2E01948E6A5E5685718057673603005D89A5D3D6C32C852,
BU_WAREHOUSE_5_DES,FCBA984A450157879C05A8E83CB0AA0FCAB852D7E1DB40EC3A8D34FC603A6DD6,
WOOD_IMPROVEMENT_14_DES,BE8E190632CB3FA39DC5AB499618DEB3017644B5F22CD1F4CDA366DE4D8FA230,
BLACKSMITH_IMPROVEMENT_13_NAME,2D8D78451E961A5B4C9B67DC1446B53242F1EC77EC5C09FAB5035127C28C3799,
MARKET_IMPROVEMENT_7_DES,BE8FF5A440A89F6F151080D99D8CD30AEF6DE70502AD9AB787E145E244C17A1B,
BU_TAVERN_5_REWARD,9BC09C099EF005F42524514A7C65FC76AAD41228921065CC19BAEB2FF9348DE9,
BU_IRON_MINE_5_DES,8BC8FF0E2F9A7BA1C89DE10E489555147AD036DB0839351B7B9C8A4B05F1163B,
KEEP_IMPROVEMENT_14_NAME,99287F3DA06ADA2D19AD931B2430994A30E7ECBDA18717FC500AA9B2EE5C7074,
ACH_KINGDOM_BORN_NAME,5FF01FC417DAD723670D9491B6120FA7184B160C3983EEBA8FCE31DB72651832,
LOC_QUARRY,2F42610CC5D51A3D4791323084B2F3BDBEEECC294295F195FDDF7B3C1FC00349,
LUXURIES,E21E8C4CE15C85EBC7DE3B31B824C293087103ACA8CB891575DA8BA99ECB2023,
BLACKSMITH_IMPROVEMENT_1_NAME,CE0D82BE557A468F4DD2556CE495EB8477BCDF1B9ED354A548607466DE6DDDFF,
IRON_SKILLED_LABOUR_5_DES,87C41DCE512198A1610BC3DCE0AA0E689846E7B448089FD163AB4EA386544DDB,
WOOD_IMPROVEMENT_6_NAME,A732E8BEE213AB192E1AE2E600F32CDADE63ABD057F5AA85A0CC6C407BDA27A6,
GIANT_RAT_NAME,3D927167B438BADED45BBC27DF7063DCA15C9F06AA28E564C0B770BA2DC06243,
BU_TOWN_SQUARE_4_DES,007B5DCCE806FEAC8564F641BC300F1F7A26EF4AD63BCE7E21270E18E46AC92F,
BU_KEEP_2_DES,09472AC48158BDD9FD2F78A9E15D362303FF1C780D98D42A3E2DB9C701220FB5,
RESTART_LATER,73B6E48A1B552D112502D37A7B7870436EFC5EA1DE0BCA58CCF12D6AE15D3A0C,Để sau
KEEP_IMPROVEMENT_15_NAME,A734F7331F970A5E3852F7435591F7449A86DF8A48B7419E4CABB3AC646EA270,
WORLD_MAP_DEMAND_REDUCED,0F8DD59B470746A849E058169E7920A192257995DC021F4599851DDB465B67FF,
MAGIC_IMPROVEMENT_14_DES,3CA5DACE28631E6F6E8812AEFF84BF8923B127BF1869A74FEE4F5AABCEE27F5B,
MAGE_IMPROVEMENT_17_DES,2909EF6DC201D00967EE4185F26BF1F5158A9FEB3BD9C59AAF565A5C5D60ABB7,
GUARDS_IMPROVEMENT_2_NAME,1E3A88DD300A2F0F4301BC39A33F548851F5F315504FD8FAAE5A2EC95AAA7C79,
OPTIONS_MENU_UI_SCALE,947DA15BDE788DA9B8E4FB41080A8BF4C0FE098361EAAD3FCA5D1F37BDF0F730,Cỡ giao diện
PAUSED,858E4BA7A29FD38B630ED73A79E2738333B3FC6778FAFA90252F5556C1262FDC,Tạm dừng
POLICY_CHURCH_SOUP_KITCHEN_ONGOING_COST,736D62EB759AB7B383CD9E1D773186C7B87DD1E9DCF3BE9E7D4BE0ADC2E9C2D0,
BU_KEEP_5_REWARD,F793356F91D888FBFE9DA96CD7562EEBE366C23AA461705036F9EEDE55C25AA5,
BU_GOLD_MINE_3_DES,749594139CE18E877D38BB81F97118C525F5317128ACA485D2C800CDBE6AD289,
BU_MILITARY_CAMP_1_DES,9131259DF40DE243B2BCA14A561E1EA1B821D843AC2E7C51E506BDFF7448DAAF,
UPG_BOOK_PAGE_TITLE_QUARRY,6FFA6B8B1C9FA11CB67A0A54B7E3E175DFB7EDCB8E8D322148A3B00AFFC4A842,
QUEST_LOG_REQ_TOWN_GUARDS_LEVEL,3B2305C8AB2D08823AA84F09074200AD63B52017562FE9612D6679ED5882636E,
WOOD_SKILLED_LABOUR_5_NAME,CD0D07F45D064C848B3E62CEE7A5D7DC89C0384749EFD052B5B11AE1444FD99E,
FISHING_IMPROVEMENT_7_DES,40B3F11D92853153231C24258309CF34ABF42C4AAC93ED211ABBDC3CE14AD837,
MAGIC_IMPROVEMENT_2_NAME,9A7DD145C4F9F13D8043F35F61422BE206E0DC8108EB61086A98542A8257AF6C,
MAGIC_IMPROVEMENT_11_DES,FF1EA72DF726FF89B1563A57C1B9F1F5E20FAB5F884483C0CA8563D0D357B340,
KEEP_IMPROVEMENT_11_NAME,9B93EFAA49BB0FFBD78A4C2B4C3852F41D646DEBE71839952E3442FFA89AC888,
KEEP_IMPROVEMENT_9_DES,1B04C1CD080D65EEB1852BD50BA7FD2619D50406A310C759291143594AC27968,
MARKET_IMPROVEMENT_2_DES,2F31CFAD35B058882E248F68690A04FEA11F97D25A7D9B936A44103681BA8027,
MARKET_IMPROVEMENT_13_DES,625360FA01C9D91FC65519FD55E2420243C872A98978CE763A6F7085EC5DA563,
BU_ALCHEMIST_5_REWARD,E94251EE24F1C1A1A6B38BD4DAA9495F56C7A2B38F496E697588322BAC29119E,
BU_MARKET_1_DES,B8298C7E1763F607D263FF585269B10B7220E2EB3F95BD80ACB0B34878166ED6,
FOOD_SECURITY,F830D8F67ECBE0E833C1E434E811F25560123B9D6141EC82FE7680FB42EA9F6D,
IRON_IMPROVEMENT_7_DES,F38B5AABAA348AFB860B845F324375CFE7688BE0D3F3536F1F4D2F2C3A28D636,
CHURCH_IMPROVEMENT_12_DES,91BE7F9DF68618A475619501A3B857494A9DC7F882F421EABFDB88F602E93311,
PER_MIN,0F6FB59F1D68DA4B4CD156E4402D43517DD7438BF56E8F7A1BE9AAB76EAFCD78,mỗi phút
QUEST_OBJECTIVE30B,45B3AAA9922BAD5684FD763209B07F66F89E98A2EC126C9C05EAC680E17D2D4E,
MUSHROOM_NAME_PLURAL,0000DA84CCA49197F18A68B0D8EFC6BF78F9772FA76FF1430C650C4DE3708718,
BU_FISHING_1_NAME,2D63DCCBA104AAE7CF761BAD82D019E82DE00C45B67AF2DBABF597F21728E1C5,
LOC_KEEP,A5ABA847732A0913AD0A4C40A3928262C0DAAAC6869F558DFCC054F9682D56A7,
LOC_RENAME_MANOR,8A7DF8850769AD5CC032096D3572D2DD45EC96C04283C2B1452CF4873919145D,
DIFFICULTY_HARD_DESCRIPTION,217AA90717EAB22008CFDE6C2BF1DB2969D25ACDE3CC8AA40A804BFE2D78507A,"[b]Quân địch có sức mạnh tối đa

Không giảm chi phí duy trì binh lính[/b]

Trải nghiệm nhiều biến động và đôi lúc đầy thử thách. Bạn vẫn có những giai đoạn giàu có và thịnh vượng, nhưng thời điểm khó khăn đòi hỏi quản lý và lên kế hoạch cẩn thận hơn. Hãy chuẩn bị tinh thần thua thêm vài trận.

Hãy chọn chế độ này nếu bạn không ngại độ khó tăng vọt đôi lúc và muốn cân bằng kỹ kinh tế lẫn quân đội khi đối mặt thử thách khó hơn."
KEEP_IMPROVEMENT_9_NAME,B0762515390EACBBB266DA57347A3BA4000AA9792E5FC144B3E190A708CD150C,
STONE_IMPROVEMENT_2_DES,419EE4D919E24B4F404537AA8F53B71D12A5DC359A0372752F3A5CC23A2D6004,
LEATHER_IMPROVEMENT_3_NAME,ED35007F4500FBF3D9C78040DBF0E43B2E77FC40CE3F250AC9C29A1803E564DB,
ACH_FIRST_ENEMY_NAME,3D1CE8409C53FB9AA2806C944CAE6A1484733C7EF71827E9EF73B5059432AA88,
BU_TOWN_SQUARE_4_NAME,48DA82BE571CDD7F7FA6EAD3091B42210F67F784D7D6D57FB9B5AB09E6C76B5E,
POPULATION_GROWTH_BONUS,4EC2EBA3A71CF736F57A4790AAA85092F1E392384231FBC3A0EAD555ACD81D65,
QUEST_LOG_NO_QUEST_AVAILABLE,D033F05C8762B985CEE363E8C2A62861F22AA9398F1D810C0DC536750D865F7A,
BU_TOWN_GUARDS_3_NAME,C1A9DAD77153EB7D21E4530625EE33FE86FAF11A6B546F51005CEAF0F6DD366E,
HUNTING_IMPROVEMENT_15_DES,4504C4CEBB579847B7BC238CA9E3D43952A7ADE28A1380B42C6B10E69B37EDFE,
ITEM_MAGIC_ENCHANT_WEAPONS_I_DESCRIPTION,B2CE90D301E94F74811215B6F5EC9C80B975BE265143AADD239B3570962D8087,
BUILD_MENU_CONSTRUCT,67E7C6E28E540B4FD412AD663B634A38572B98D3F4608FC5792F2600D32C1EB9,
HARV_CAPACITY_REACHED,89B5C8309B4C07282B8D771AF4D62BE2E9C14020418F8C7D34972E8BFB2D673A,Đã đạt sức chứa
ITEM_LIBRARY_EXPERT_BLUEPRINT_NAME,4F93CB8858237BDD658F04F9F844B9AB9A5731CB26FCD19365BE6BD8C3E2919C,
TAVERN_IMPROVEMENT_7_NAME,8C5C10F70F3D0554383E9CD30A07BD0C91E01CB0E4CBE8B886BA957866FABE47,
GUARDS_IMPROVEMENT_4_NAME,9D9F8EBD80833996C838C6BF54F7A6B0A5AB677D20FD9A9C56593F007868F29E,
ACH_FLAWLESS_VICTORY_DES,A673CAAA1B9C2F2DA23B973F43299DD1E440D0E5C037AADCD3B7B2043DDD8017,
LOC_WAREHOUSE,2A625C251683CA2BA8A1125319CB76D8F3D448D9E4D5A6C97BD948145217E36F,
POLICY_CHURCH_COMMUNITY_OUTREACH_DESCRIPTION,E7F4107ECABBC5CD9A9825B8A44ADB5F9AD31F7ACE1417D529B3ED3B4A5F0DFB,
BU_QUARRY_5_REWARD,F9D76C7069FDB968661F6427A4E70A9B27CC064F0C4157004A513D3D671D78AE,
MILITARY_SOLDER_STRENGTH_TITLE,727279EB6D33C0F2DCF555232B73CF84EDD26118499B6171CDEB5DE51A2B59A9,
POLICY_CHURCH_COMMUNITY_OUTREACH_NAME,5DDA32F4BC51E2B8670973FF729AE533B7607023C44DF82B3C2F1D4D27F4176D,
POLICY_RECRUIT_IMMIGRANT_WORKERS_I_DESCRIPTION,5FECBB6AFB55364BE8E073A73B27D7D529BBD3468CEBFE2A18D3134DC0A5D81D,
MARKET_IMPROVEMENT_3_NAME,C905B06C70488091C35F713F5B853813EF2412363CAACDBCBAE99EA56E2CD5C3,
BU_SOUTHERN_WALL_5_NAME,C1BD6D24101B6550419691120DF678DCB3981F4D72C17C138DE7CA3DD20B38CF,
FARM_IMPROVEMENT_8_DES,43874E27909B161FCD66BACACD51820FF6A38D64320BE29238148CC634516F83,
WOOD_IMPROVEMENT_4_NAME,A6874DC6C75007AE5C584D3AC76B7695C123D45A029E239FEC1EB81D40527541,
MAGE_IMPROVEMENT_11_NAME,1668ECA4168C5795CA85FE02DFD3EEB27FE53B59392288C42A393ADDD4432127,
BLACKSMITH_IMPROVEMENT_4_DES,B6D7435F6B78322C85C826AC477817FC14F683C42570369532E09E1FE77243B3,
IRON_MINE,C62D768854C23DB8E70DE14E19F8084E25D15798B0F011D806943EA394DBF71A,
ITEM_LIBRARY_ADVANCED_BLUEPRINT_NAME,7844776A5546461109C9DD00F2BB1024700A3BCBD8E21251DB28F40369D71315,
ALCHEMIST_IMPROVEMENT_2_NAME,6AA4AC0A317D1C1EF0EE2CA8B4BFCCB202F2F7BCA9B45E74E937858253FB8976,
LOC_MILITARY_CAMP,F747AA8587B49B20BAB6BCA4A088E078B24086152D632E33F71B0F1746F6DC5B,
ACH_COMPLETE_CHALLENGING_DES,D5FE113BFBBA79975C7092503685D4322D01622A00784FDA947DAE2A193F0939,
CARPENTER_IMPROVEMENT_5_DES,C0C3521574D2D3651D86659DBECD7190B04A4729E76CF51FFD82FD37A7826EC4,
HUNTING_IMPROVEMENT_2_DES,28988305DFAE77131DC65CA786CE729F2921978C42C9022491ECF982BB22B484,
BU_MARKET_2_REWARD,D382CD56FB3F677FA56CEE2868D29DAAD361A532945F69FEEF9DD6E9172E79FC,
BU_SOUTHERN_WALL_3_DES,7A463F980D296C543D67C20E0547231B5CE1ECE45353E510FE175CE8AFBE2D9D,
DURATION_LABEL,298D6C7549E48A9798CFF3C8F93F7BAB46BDE00451199E9CBFD0EA8FC2E9E6E0,
IRON_IMPROVEMENT_14_DES,C13EBAE3F478EF3512F77F591EBB9BF381C98335316A9D3F3669C79C1C1A4373,
POLICY_CHURCH_SOCIAL_WELFARE_DESCRIPTION,27E53A952CE6B3F987574A0C9A8FA90FB5096012E60F04F1676C3CE5D2ACB0B4,
LEATHER_IMPROVEMENT_5_NAME,FFDEE97EE858AC9B76FF67490853D5E07E8E9874E1502CA435B44F37125D1EC0,
WOOD_IMPROVEMENT_11_DES,AFF3E1F57183519A3A4AECF588B67D288E81B301367F5B75D473E6D6B65D4417,
BU_CHURCH_5_REWARD,3572CC8FD76347DBEFE34027E992C9E278E8C8347D583501EEE7F086274E8E15,
TRADE_CARAVAN_SIZE_SMALL,5263293FC202649BDC8135573AC9CD3B0BCEA4355E0D8F0A59F1DDEEA8EEFC15,
BU_GOLD_MINE_2_REWARD,A6701B65F3BBE22C54189A84706D78753F6CD431951BC2F1DB5C19C58464773C,
BU_SOUTHERN_WALL_2_NAME,DA75B066F9EA1E046229CEDD458981688BE5ECE866AE29B2A5D73CAE96AE9D5C,
GUARDS_IMPROVEMENT_5_DES,69AED1FBF41CB3754819187A543EA3C63EB1AB790C94BCCD05D4578BDF19E8E0,
TAVERN_IMPROVEMENT_2_DES,EEFDD5623E9275EA936D61A166B40876972809F8CA5A685D85CD2A70E892E790,
STONE_IMPROVEMENT_1_NAME,7BBBBA17D6BD808610DCB3334E41F783B705DA42A418D0D7DA535EFE45302FF6,
Farm Extras,06B3F7262EC61FCEEEEB4A7FB23B79555D419115C3E8C2D54F22483073527C3B,
WOOD_IMPROVEMENT_15_NAME,6608F2F687B69A9F98B6645B72D394AABFDBAAA9D9549A3A69815A85703BB16A,
BLACKSMITH_IMPROVEMENT_15_DES,F986365C8410B7B3609AF5BECD18976DE635B64C15F70FFE4387455399DE59A2,
LIBRARY_IMPROVEMENT_5_NAME,0FBEC6CF41C57F81BBF2228201117214EA9C0FBDBB21B3EABE23B53A0E9E1BDF,
BU_BLACKSMITH_5_NAME,B1ABA2D0C6B1786D28C6C5AEA02A31B740B159B3AE044A2C22AF6CF5A3020E07,
BU_TOWN_GUARDS_5_DES,933523778F2E98C4D16B871396AC1304C4B71AAE1D76F3D7AFE1B056F13A11D1,
STONE_IMPROVEMENT_16_DES,F2CC46C638068BF8C30051EDC3118D54A260E685B4CEC44BA7C8C774255E4042,
SHIP,40970CF7B5E2E4DEFFE19B3447AFFC897DE1F9EE34B8A391CF6975BE024E2ED1,
Global Research,093D1C0F9E2137FBF4A591A5D7816F6E36B712EA32E79D9457B5A84E5539098A,
MARKET_IMPROVEMENT_7_NAME,8DC5A2E3B0D2D0E0FEE578AE139F5336AF8FE6CED396315714AB3E1136BEE9D6,
POLICY_CHURCH_ALMS_FOR_THE_POOR_DESCRIPTION,E197542FDFAFADBBD6591215685BF135440678AC065DE04FCCA2E600238ECB39,
ITEM_TAVERN_DRINKS_ON_ME_DESCRIPTION,CA81B1C0D97BF3015232174B7D29C400CE967EC9FEAFC74EB7ACBA816DDD585C,
STONE_IMPROVEMENT_11_NAME,DBF066C5FAD58D779725DA5750040D94A5819C2E8B06E6FE550074746F961377,
BU_FARM_5_NAME,C3F3CC7079BBD53531CEDE3550068AA1D36A5BCB41F5463B7F3F20C105A25BEF,
ACH_MAX_HAPPINESS_DES,77BBAE2A844DFA97DC2584D3545F2773498F99F4A9B90427B7CB2841F17988E0,
STONE_IMPROVEMENT_14_NAME,D9C977627DFA8BE6C4E696CFAC70B195223C7B921C93B7C5D7967D48BA94CD45,
BU_ALCHEMIST_4_NAME,DD3C52094838A8F849500D6DC37C639CEAFE68FBD8ADD809A3E77BEE0B9EF319,
STONE_IMPROVEMENT_17_NAME,4965E9CF1FAD108B72B1B1BE68FC13F9091E4B526B7E7C2AFF789C74B168EE89,
MARKET_IMPROVEMENT_6_NAME,16BF38AD1E7E5149110561E0316761774F6E1946FA7EE576EBC87C7BB446EA16,
RETURN_TO_GAME,0A05934599E16DF02DEF50493098486A28EE05449C0BE880E69B8A8E74540EDA,Quay lại game
LOC_RENAME_HARBOR,268DF42D1DAE947A29EDA544E85DD5F031EBD9853D541A8B4A32B7E361986911,
MAIN_MENU_EXIT,CD3943F36E0179BAB65BBCAF374A19B464F030D0C753489D6AE44425E3DAC25E,Thoát game
WOOD_IMPROVEMENT_1_NAME,7BBBBA17D6BD808610DCB3334E41F783B705DA42A418D0D7DA535EFE45302FF6,
QUEST_OBJECTIVE31B,B6DCD05888809594803FF97861D89D5AF54978945F9FD8856E78F535DBFD6136,
FISHING_SKILLED_LABOUR_5_DES,532712FF3EC5603C6F381EF1E309082CBBF7D88ABC6D8F440B3439BC05F4DD40,
BU_ALCHEMIST_1_DES,31F15D136C7E2E63778010D74B8E51A3492AA67771295359DC030CFD8A95C2FD,
LANGUAGES,318655CEA4BD2096FBFAD433D7C019BAC40750D1A456FC34D366DF41FCC77197,Ngôn ngữ
STONE_IMPROVEMENT_13_DES,3DE453D36ACC1D42EADAE7F6D299E2D469FD74654F2B31250A696C0D7BC760EC,
BU_LEATHER_5_DES,356C63D5B227A1606655C8F5583BC1484FB5435E7B29950D5DD0079CFC6E5F30,
MAGE_IMPROVEMENT_5_NAME,1CEB23D0ADA0044AFBEB29850A65FE9C40B9C0B9FACC4395CFBD4864F4972302,
KEEP_IMPROVEMENT_8_DES,571094F201CBA3E9301BA88C2B188F6DE64EE3AE453FD579CB75B2FB43396D3B,
END_POPULATION,5B828861AEC15D606E690189228B9B0F3AF3D1A6048EA5F730935B02A746B699,
DEBUFF_RECENTLY_RAIDED_NAME,2926FFFB029C72AFEBE5BA28E679B8E3E36C60557E09C601A07A524DA9246F3C,
CONSCRIPTION,25D95FCA3A71B0C54C47C59F37CB281740CDFE6478A2D0F9C23309AAFF471BCD,
BEHOLDER_SPAWN_NAME,3549D61714E91FD4A1CD2E8B6CB61D6289ABC08D234CC6CE7DD1829F85247187,
HUNTING_IMPROVEMENT_8_DES,4504C4CEBB579847B7BC238CA9E3D43952A7ADE28A1380B42C6B10E69B37EDFE,
BU_HUNTING_2_DES,72310A2F2D4FF20C955352B0BB70AA41BB49D04AA7DA9905561C608861FA20B2,
STONE_IMPROVEMENT_15_NAME,35ECB7B3A2652825639CFE2FA3B180FC9AC833CEDFA63D442F35B2041862C92E,
BU_HUNTING_4_REWARD,773ABF57252F729469872E96B313CF5692985F92551CF148EC74D7D3A1995914,
QUEST_LOG_REQ_TAVERN_LEVEL,FCF1BBE41A477BB6DFA7997F75B5874CEEF747143EC809547691ABDB5DC8015C,
ACH_STONE_WALLS_DES,54BB201C9E91EFFB5365DB7080ED7FC56D472EE17A331D787651FB8C1D225382,
POLICY_RECRUIT_IMMIGRANT_WORKERS_II_NAME,227508F8083202FAC2C3ACE8B857AC5167E09F5A0EF59A0A8B39EF9E88A74626,
LOC_LUMBER,69745F64B66161F1CF3D72DFD15E395679928AE6EC6CBAE5841B214147F6EAD2,
GOBLIN_WARRIOR_NAME_PLURAL,10FC86AB409D8C47302DBD6E4363F5E93831CEB8C1CD7ABEEBF2684C6E2AF25B,
MAGE_IMPROVEMENT_15_NAME,3A2B3E8116B3C2E3CF0E3241FC2DA483481D7056DA6EF060466738F7B2ED4B25,
UPG_BOOK_PAGE_TITLE_ALCHEMIST,B8B1293F82FAFB0F276E482DA991C308CA142E4CF05BC18D84B08060311DB441,
UPG_BOOK_PAGE_TITLE_HUNTING,EB907B9BC3A769B6216EB2301C85EC3A0BD36F854392687F8998C6722CA44A9C,
HUNTING_IMPROVEMENT_12_NAME,9D1A4113E46732B8E6A7539B5DD3C8F2A5A0A84E9F6AF0B50005E8273B40AC33,
LOC_RENAME_KEEP,183F00F483D3844E875D26EAC74C676054383AEF38ED5A8E4D1505EF21008585,
LEATHER_IMPROVEMENT_9_NAME,120E81B567B9BDCF572B01035E15DAE46FA7679BC76C9700B904352873AAEA1B,
MAGIC_IMPROVEMENT_9_DES,95F2448AEA2C0A19FBCE601C6FAAE6068837EABB4446E11CBDDC3CCA2B0AF869,
CREDITS_TITLE,FE6E3A5448BEDB6C85274E56FE38936989234E0001ED3337CF28046EEC11031D,Hearth and Hamlet
ACH_FIRST_TRADE_NAME,9287268200934D39E11D8568117F0300541BE2FE683C9B8B148164907CFC72B1,
BLACKSMITH_IMPROVEMENT_8_DES,B6D7435F6B78322C85C826AC477817FC14F683C42570369532E09E1FE77243B3,
END_PLAYTIME,0FBCCB3E2558F271269D2DE544C385E12F85CD0D4DE7ED1C2B9EFBD90F4BEFDA,
ANKHET-NAR,1C6005BE163CF4AC4FD43E14A7FB5A0D6869DED037BD3A2B645561F8C3DFA116,
CHURCH_IMPROVEMENT_9_DES,8F15B1392C46F482A60AFA795BE5F95CFD86F74581DAF09B31F18A0A952FCFD7,
MARKET_IMPROVEMENT_12_NAME,EDCA671DCB9914CD81538DF6C26CA3C4BE2DF88CDBB88F58E87D3B5E96709FDD,
GLOBAL_HUNGRY,3E8C0E8C1D771C492091B87ABF64861D48C7F75DDE798D136A76799337F95F90,
GOBLIN_NAME,47B56F5CC6399DFB42358163F01156882F07E8AC717110FA054F0F1010D47A2C,
FARM_IMPROVEMENT_7_DES,E52D7371CA9C42581E772D748A6DDDAD40E1D80C0FBC8647E9DD172A03EB48A0,
MARKET_IMPROVEMENT_9_NAME,9A7ADCD32E6C29845A3A280C1F42D06783C5FE3AA19AD8DB65A11E3FBB4102A1,
BU_HUNTING_4_DES,51044F9B17E52E6B3FCDB69DA97563BED4A27681B7ED9BAE25105F29084447B5,
LOC_RENAME_MAGIC_ACADEMY,E0163EAC29BAE5659E1633A98A05E94F7F2366B3AB7F12AAEE06BF24EB6D4734,
BU_MARKET_3_NAME,A36A5458A48AAA319A6C0A272832F3ED1F6526DF445B99A0E55768034A9B0491,
TAVERN_IMPROVEMENT_9_DES,0E6F9078FCA721558FBA54ED7A4DC2DDB1522A36320A55F69C91D8D2CFED0496,
WOOD_SKILLED_LABOUR_3_NAME,E66D0F9937A5BB94252CCED281AEBD7A49141E2553025875BF20CDEF582D7BB3,
UPG_BOOK_PAGE_TITLE_CHURCH,837AA0D985B27908439665FD776C4D61DC117E0EFB1094FCED706F2A11C1A4A1,
Items,FB8E7A1A3CB7B25D262793159145759E97EB540A2B61DBBDF8F58841A81CF1A8,
MARKET_IMPROVEMENT_8_DES,B393898658FCF534D6FAA623C938C330B0E8E332829AC406D2EC95245204F9CC,
MAGIC_IMPROVEMENT_14_NAME,5742AC944F655A2D58D54482AE80CB4BE65B15756DEAE46787A7F93875FEF1C2,
QUANTITY_LOTS_OF,2FE5EB231B5C6987EB2766D9227AF0075473DDD9C2A46872AD6B6E5E2DB03869,
NONE,DC937B59892604F5A86AC96936CD7FF09E25F18AE6B758E8014A24C7FA039E91,Không có
KEEP_IMPROVEMENT_7_NAME,3CCA3FDF218A2692966F80F1A92AD55C151FF9C97CC556A33C87DFEBE39A10C8,
BU_HUNTING_5_DES,91C3C2B99A9D4F89EF0C85DCF44CEF8E11C278CD144D8569074C559614158E3A,
MAGE_IMPROVEMENT_3_NAME,50C40A220214FC3C155BAF7F0A9FBB2B460220E9C89AE35D9C11CA5628AB4EB9,
LIBRARY_IMPROVEMENT_8_NAME,2CDA634400FC25AF155F238785D14F14AB073766829EB1C07A1B0FD6F9C8A686,
NOTIFICATION_STARVATION_EASED,67D044650837F0AC0783D6E96504ADF76298598E8E9A3F448108847E246DC5CC,Nạn đói đang dịu bớt! (%d/5)
TAVERN_IMPROVEMENT_5_DES,17C7714CB954ED23101C1986811121CC5D26694A4FB067ABBF0C18CDEFFAC0F5,
WOOD_IMPROVEMENT_2_DES,1A289F34173741DB0ABE2945E449132AEDE317887DFCE44FE35C3A3570831B22,
DEMO_MES_3,2D7EDB310A7D0187C7263EB0E7C6568D68189215D93B84FE149959D7AB6BBC64,
MILITARY_HAPPINESS_EFFECT_TITLE,55D28C59CA48367CCEA0859D73D9F7321D26BD1CF9CBCFABA275FF72CF267830,
DEMO_MES_2,8A4793357587051E8E2961274D3E37C1E77D100BDB05281E580B7EEDF2B7D6A5,
BU_WAREHOUSE_2_NAME,57D9C85D4C6676EB5812B1A950A3C64D2AF6007A35E8860F0FFB091C7FC20245,
DOCKS_IMPROVEMENT_7_NAME,85DA092BA7441430FAAE594B8C83E9748975395DC33D73231178EB9FDD2AD89D,
DEMO_MES_1,3D8558C3A09781D865AAF8A7039A85EA240BD8E1DB96E3380025FFC33C931110,
DEMO_MES_4,7998D8F81AC0A160F0C30E1D9054A483BE9495B17B31F8D315F5E3D75910936C,
UPG_BOOK_PAGE_TITLE_MAGIC,E0163EAC29BAE5659E1633A98A05E94F7F2366B3AB7F12AAEE06BF24EB6D4734,
ITEM_MAGIC_ONE_WAY_PORTAL_NAME,2F50E5D92A4E8060276EF0F39133BFEB6F069E25A22BD7628248F16FBBDBD3C5,
BU_GOLD_MINE_4_DES,E1D8AAEF8F8F355B158397FC13779CF263A720070F63DAE6E1D80D9086E8FBF9,
LEATHER_IMPROVEMENT_8_DES,6CBE8CCCD590DDB7E956A5199F71F01B8CFB40E2A7A48CF80E48010C658C3F6E,
OPT_SCROLL_SPEED,24E64AF2AD03CDA63BDC291983317541B07D618CA0197E88C1DD53612B2ADC24,Tốc độ cuộn
MAGE_IMPROVEMENT_6_NAME,850DF5E2C5AF85A56DA12F6CF290C0CD494AB0BF62C90D662B3ACA8DEE9EA7B7,
BU_WAREHOUSE_5_NAME,FFB9DBC01AA9E60DE736EBDF9AE9E00B235639451B2480D7B4196D9DDAE93689,
ITEM_ALCHEMIST_STONE_BREAKING_POWDER_NAME,ACE2676BF4B6DB7A4A699BFB50A4BC3D0045DF67A56BAA83B88ABF2E942FD6AE,
UPG_BUY,64E3CB0E4960BA69298843D481376D1CE7B92CD43CF70E61A982DA651C0335F3,
ALCHEMIST_IMPROVEMENT_7_NAME,71404C976D138AA0C90978D2A941F3B2342EE57C773465EE5D6A84E482A3EB4E,
QUARRY_SKILLED_LABOUR_5_DES,57B66CFE0031CEED21CAA9D97ECFF2EDA6859FB42823884DCA00A2470F8E2002,
BU_BLACKSMITH_3_NAME,9B5C3F56B23728148C103EBA66EBF264DD8EE7DF9E34C936B7E4D7E4B31444DF,
POLICY_RECRUIT_IMMIGRANT_WORKERS_I_NAME,D5E968ED5B84107840C4BEBBBDD0AE2D89F1E22219D6D6F9CA2DC58AB74A81DC,
ALCHEMIST_IMPROVEMENT_6_DES,78F1B64809C4D4B31F44E0241DF88EC0CB2E1924C6E3DA304D917B0F6FACB54F,
BU_QUARRY_5_DES,25D1AD0DA64A9E55D7ECE01A9312BB51486A273F1A0B2683F254B2E9FB49BE1D,
BU_TOWN_SQUARE_10_REWARD,E8693606BFA4E6AF045B63857BEE4EA78AD01CBC7CEDC87D379E7B5189C5052E,
QUEST_LOG_MAIN_BUTTON,233259128DB1F0C07DCF68F001D34B46CB58F436BB4565BF9F6441B87D8B86D8,
EVENT_ARCHIVE,D82DFDF121C0700ADF95B38FA484D07DFB0B6579E750B432EA42A6A7728E8341,
BU_BLACKSMITH_5_REWARD,930DACBA8F29E3D23A35A5004FC0CA4DAD438E9625FCF1939F62A4743364ED17,
MARKET_IMPROVEMENT_9_DES,B8790C93006DEB96EE6B51024760879B5B81C866EDAB8755D228793A5038A446,
ANCIENT_TREANT_NAME,652D5B845E8C61E97B163B64270BE99AC6075A38EA603FB8873FD35C35FD919A,
QUANTITY_A_SWARM_OF,E13D83CB5AEB947908FA56EDB851DC1DCFA6F1654296D95B4B240FB3FC6DF499,
BU_KEEP_1_DES,B302AD8A02D485B60706123FFE4C2A51C63B7184B5D183EA2FE88C4A14B8A46A,
BU_KEEP_2_NAME,F50220CD24025C923BB1E0B943DC6D6E51D6A64980CE8D6E1FFE0E3EDE0ECFB8,
BU_MILITARY_CAMP_1_REWARD,31D17EB884E6F3FE486BE2250EFF2CB3232114714F0520F98009A0D523E4A070,
Magic Extras,328C3D34B28BF1EE8051A60334074A2208F681AE54BBBF470D33565E927DC47B,
HUNTING_IMPROVEMENT_9_NAME,86ACF8A2126F39AE839A7C0DE984810D59089F7FEA18B9F36B52B1EA2B54D271,
WOOD_SKILLED_LABOUR_4_DES,3EC34EC401B2ECB32B001DFEBD17FDDB4062C97D0B993C7A6110B372E8A08D8A,
MAGE_IMPROVEMENT_17_NAME,05AA68B3AE126664CEA688246452846196523FAC9F987946AB29A6380B548C2E,
KEEP_IMPROVEMENT_1_DES,43329B35FDB01A6159137FF6BFD7369CEC8B3370A9C2868C242D4CD1FD592960,
GIANT_MOSQUITO_NAME,992D8743F45491F458C0233E143877E279C548502B4C93F62E7AA78FD8532783,
WOOD_IMPROVEMENT_12_NAME,35ECB7B3A2652825639CFE2FA3B180FC9AC833CEDFA63D442F35B2041862C92E,
BU_FARM_5_REWARD,DDA85C462D4E5EB04D2090F0ADAC23ECEB4709A9A97559014D1E34D33FE5F2EE,
BU_HOUSES_2_DES,A2A853F5E8032629CD574A9444D79C9C6C83A02C13587D7A81F0B6764E6CB0A4,
FOREIGN_TAX,6C13F4308B23495B3A0D16AA3B2C62A308794B3023F443C6C31959404AD88EBF,
CHURCH_IMPROVEMENT_7_NAME,53D17BB6C7452A3A0CE4D27237F0886C98581FD9A98AD37CB6EAD57A4AF18506,
MARKET_IMPROVEMENT_14_DES,625360FA01C9D91FC65519FD55E2420243C872A98978CE763A6F7085EC5DA563,
WOOD_SKILLED_LABOUR_5_DES,3EC34EC401B2ECB32B001DFEBD17FDDB4062C97D0B993C7A6110B372E8A08D8A,
LOC_RENAME_UNIVERSITY,9D38443E2220DED5F60BA39B85ACDAD3AF96F810E359BB741F6D273470C7BF9B,
BU_HUNTING_3_DES,53FDB2A55A9F404EE6E448AE77903E67EB2E94EE97DD8682FC1225FCBD460C58,
LIBRARY_IMPROVEMENT_6_DES,D8ABA700A1FA43A6B4B8FACA2A3B32F05C7F06F2BA9995E2C0DFBBF1468E9EB9,
Happiness,A908CBD5564B2BF149CDC53C4BDA0DEE4F1A247FC4807DA7443DA6017E56BB06,
GUARDS_IMPROVEMENT_14_DES,20E122FE3479430E330034F7AC9EC596FF6DB662AF333755F442C0E878DD9AB7,
GOBLIN_NAME_PLURAL,198474C00DB41929359467C6101AB99EBB0D90456622629B42DF9FADAF904FC6,
GROWTH_HIGH,C4EBC6D4A5832CD9415F906AD03661110C705A72381C8B8B145761D02E2DD23A,
BU_MAGIC_3_NAME,8F9668B59451763219F2FC5B7953747E9C93CC40906F898BEE74B526055B2E1B,
GUARDS_IMPROVEMENT_16_DES,7E53E20248E27FD70D96CA839D6B8177271EACAAFB6E0A3899BEE32CAC5248AC,
NO_FOOD_BONUS,5DD886BAE0D779A2C5C0FAA7440CB15394347CBA01325AC88BB202029308BE49,
BU_SWAMP_5_REWARD,7B3472A4E4FC4D21C7B189CADB66EDC4C5790A3E1DE26122AD5855CDF6566123,
BU_FARM_4_NAME,0C8596A6FAF0939EB213478B05E5843F4DAD6C7486BE892FB06CD42E48317A8E,
TUTORIAL_8,DE865ECAB24518B4AFFC7AD14FD5A08201307AB6E288BBBBE36F8B2DADD3B63A,
TUTORIAL_9,4377FB44179E7761D4688E5DCE08BE5838DBD054E8F0B982CC001D664E702A3D,
TUTORIAL_4,97901D0DF3961AB1F80E8B289DCA3DF240859434DE298F2EA4598631E59AE97B,
BU_WAREHOUSE_4_NAME,F9657A454896719CC1C5EDE2DAE72025371EE5572B0AA5604B2627B40EDF2932,
TUTORIAL_5,0F8AC8A6B8CC95BB4FF03A39058C3C2DBD94912B78A66C2D68587049F7A7E7AF,
TUTORIAL_6,BE1B6B56AA31FE4F49DA213B4BB3379513485C71D3FA685ACB98E917459B6FE1,
DIFFICULTY_VERY_HARD,9039BC6C0B3F5E0C6F926D245DE4FFCB5B982291FBDE548F256F60975DA7ADEA,Khốc liệt
TUTORIAL_7,4FF204CFB52D98316F9BA59293EB192DB23EAF89A35FD90117063C8E5CFA287C,
MAGE_IMPROVEMENT_6_DES,5A316A5EE700753DCB5121A86377206EB8DA489F2D0C3C4A5F24469FBDEB2E90,
WOOD_SKILLED_LABOUR_1_NAME,F0DC487687CDA66AA50C27DEDCC6A5C22650F9E6E9F93C5C7AAA8D9FEFCA2FC3,
TUTORIAL_0,4374FD9502E9EA81F8304FB5AB36DE39F05EFC953918BDA40252836B7511E54B,
BU_FISHING_6_DES,9C2009B7B855CA4A5F7222246BA59377CFA9528932A14FEA292593DDD16A0FD9,
GUARDS_IMPROVEMENT_3_NAME,4968A4F122841E1BE1C1B537D34683D311E4DC9DC1F0B7370791B6F276989FD8,
TUTORIAL_1,D8E18F27AC3F8B4C7F61B406CD8398C278CCFB6E6730D5DEC237A534F36445C4,
UPG_BOOK_PAGE_TITLE_CARPENTER,ECD094C866F034241EF8B6AE9E9404CD9652DA721C1B65DE391E8F6A0A922DDD,
TUTORIAL_2,6EBE4C85F181AD5092F61D244BD4CBBC4B370800949F4316EC85D9E25A6CAA92,
GOLD_IMPROVEMENT_6_DES,C3BC18E31C9B00DEEAC421563CCD829A50DB1EEE53919BD13431746D5F77E745,
TUTORIAL_3,B7F74880011528F5F4225B79B68A30573BF9DCAE5D98550F2D51574464E8F742,
ORC_WARRIOR_NAME,B95C37BB1465AB127A732F37C000D24ED40878EB9FFFE18660EF0646C1E4A89D,
ITEM_TAVERN_DRINKS_ON_ME_NAME,FEC896705A9F1D84EDC0992E2B1CC83BFD2013D6FE0DFD4108C19C651F2ECCE6,
BU_SWAMP_1_NAME,19917D18B14A05D2F482FEE9BDDAE6495BE3A595F99A94716E7F54295188E236,
BU_TOWN_SQUARE_7_DES,A2C4EB1A3D795182A8AD736FF8167EC3C99FA1013321FB5B3B683043CDE10262,
Storage,A69C4DECE144A46E40D430726395533D8F335A7D601D8CA292220B3A4A7FACA4,
BLUEPRINT_SOURCE_RESEARCH,9EDAA5EFC013BFF4BB42F0A07419C9D35317CAD9D0D2D848A73225F7EA30E734,
BU_LEATHER_5_REWARD,0B233F4A9D119D5D79AC3A803663DB2C276F2E41596464634F1126C5969AEA10,
BU_CHURCH_1_REWARD,38F81DED628712153CB929935014C21CF471B6C061C0DA77AD5953952DA2697F,
TAVERN_IMPROVEMENT_4_DES,06197F299010AD44904E9161E2EEA0B55069B721E4F16E80E2F722EA3D56D8ED,
ACH_KINGDOM_BORN_DES,E51F9AAFEA9C49F3C0B475EDE7450E6E28E0AE9129E546D9BB2685F63A1AAFE2,
DEBUFF_RECENT_STARVATION_5_DESCRIPTION,D52D7243741781712C310552DEB08DB8B433E83187358A574816FFF24E52F4A2,
Gold Extras,6B129376F50A425C1AA755F9D77B090FB2F1C0301F0A1A68CC910C25A5F002F7,
WOOD_IMPROVEMENT_7_NAME,99E13F91A4B90C8E068FD0C7E8AB2FE47AF5F18C0892F6FD743A4AB96AF670D4,
LIBRARY_IMPROVEMENT_7_NAME,8C76303847922C8CC4E134AA0655C8630580A34E11118A150E7121FFE1306140,
BU_IRON_MINE_4_REWARD,9E12AEF8125B232D24CC32EC43DA2DD9CEA1C0F37296C8721DF7AEFCD0D85BE4,
STONE_IMPROVEMENT_5_DES,CE52D96A6A0A983333ECFD5A85ECD5CD5ACF910E116444C7A40C1804147610BA,
QUEST_LOG_REQ_KEEP_LEVEL,448CA8A3B39873BD614EB181E8197A22850AE7CD66E30DE9204E4AD4ECBB852A,
ITEM_ALCHEMIST_TIMBER_GROWTH_POTION_NAME,76D6F3EE1FC229EF353FF1DC60501EA51CB0B2E2710BCDF15CC7DCDB111CF27E,
LOC_IRON_MINE,C62D768854C23DB8E70DE14E19F8084E25D15798B0F011D806943EA394DBF71A,
BU_SOUTHERN_WALL_5_DES,832F783C1A9C971CEADCA8D944F09453B8345BD5AFDB8A8044D26B3B8F6D92F5,
CARPENTER_IMPROVEMENT_4_NAME,ADD79170EA050A542A4815150F2E9D1082D7D773C8B5BD18CF0CBA590C845811,
UPG_BOOK_PAGE_TITLE_SHIPWRIGHT,1BE49994A7BAC5C5E5F6DEF967F55A4AB34314FA9AB768FA31B0577E0BACAD38,
BU_FARM_1_DES,D2CE7ADF022475755BD40A96E25F9BDFB05BC698D8F4CB7162FB145F78ED2085,
WOOD_IMPROVEMENT_13_DES,414A139A7F772733395EA71D091F830D35520E96E4E728051F641310C59FC873,
QUARRY_SKILLED_LABOUR_4_NAME,803F3A6ABAF06FEFFED0AA13A0027734FFB4511C3AF10B17C2C36F37D1F508BA,
IRON_IMPROVEMENT_9_DES,BA7C9305D04DCB1CC217F2465A3B01ECCB0867D8D7FA51A8B847DC669ABACA1B,
WOOD_SKILLED_LABOUR_4_NAME,803F3A6ABAF06FEFFED0AA13A0027734FFB4511C3AF10B17C2C36F37D1F508BA,
PLAGUE_MOSQUITO_NAME_PLURAL,AF19369BE77AE80FCEB2077DBE6B28B493DB236F0B8D2679B7D6E4657957276D,
UPG_BOOK_PAGE_TITLE_SOLDIERS,BF833D88D03589295F1F8158DD13C36B03145E9AC508BCC4F7BD86CB7CEF45BD,
POLICY_KEEP_HIGH_TAXES_DESCRIPTION,C23BB0677C3EF1CCA0BC9CA5E34F8C4AB2C0F5DEEECB08BF4AF16244285538C7,
IRON_IMPROVEMENT_13_DES,D5B5B4524CA00548BF91E5E6143C19DFA839A946B57D4AF5797467818CCE27F8,
MARKET_IMPROVEMENT_3_DES,1585E4701A2489A4A48D62D8426AFBB696727005458D610B7D15E68AB1053057,
UPG_BOOK_PAGE_TITLE_WORKSHOP,C0086F23DCDDCDDA8B10B6601DCB1564C1AA5306A4BEDB2DBB4B0AC41030BA59,
HUNTING_IMPROVEMENT_13_NAME,694C6D49468B38F66F84AAA9A5DA8C5D814B89F3345D3A2E7B8F22C5117F3F1D,
KEEP_IMPROVEMENT_13_NAME,A20190A0C6842C99B8344D80634A48BF8DA5D5A97321F0F0625D7A27650FEB93,
OPTIONS_MENU_RESIZE_LOCK,F598838954EE9B5EB1564C421A96FF09FA4DA12A5EA2291BF0BB2208775ACCAE,Khóa độ phân giải
VAMPIRIC_BAT_NAME_PLURAL,FCE808EA906CBB7F6F500C6E64002DC0687BA84BB54F923D99733A12A13981B6,
BU_LUMBER_3_NAME,F58AD611532A000427483F32A2DB352B8CA4E83E26A3A80B1BBF340ED029DD32,
ACH_FULLY_UPGRADE_NAME,4EF8CD18CC941E8894492F2E335B64546194C059D56A00DB3AA7CEF3C97ADC94,
WOOD_IMPROVEMENT_9_NAME,DBF066C5FAD58D779725DA5750040D94A5819C2E8B06E6FE550074746F961377,
LIBRARY_IMPROVEMENT_8_DES,D8ABA700A1FA43A6B4B8FACA2A3B32F05C7F06F2BA9995E2C0DFBBF1468E9EB9,
MARKET_IMPROVEMENT_15_DES,625360FA01C9D91FC65519FD55E2420243C872A98978CE763A6F7085EC5DA563,
POLICY_CHURCH_SOCIAL_WELFARE_ONGOING_COST,0170D421ACCE9A75889AF7D9DA174E7D5747A04F08CCF5343553FA1B4B58FE84,
NOTIFICATION_CARAVAN_RETURNED,66BA37A6277A54D6B23895593132C952A42B7EE258D1B7367DDB048EB76AD844,
WOOD_IMPROVEMENT_7_DES,469CCA00622946A9E7882971B038E4BC47F87B81280D6231A40D83B78997C8E0,
LEATHER_IMPROVEMENT_10_NAME,BF843A90EBE5C9269F5F56BAB9DFB8CCFA96B5D71476FD0CC6EE1FB4C0318DCE,
MAIN_MENU_NO,1EA442A134B2A184BD5D40104401F2A37FBC09CCF3F4BC9DA161C6099BE3691D,Không
BU_SOUTHERN_WALL_1_REWARD,108B81C1B6284DAA620A153ECEE9F4BA5C3A3211C56FE3F7D87F1313285419A6,
GOLD_IMPROVEMENT_9_DES,C3BC18E31C9B00DEEAC421563CCD829A50DB1EEE53919BD13431746D5F77E745,
LOC_GOLD_MINE,353F8E1E5CC79DB4DFFDC8E74D9D3CFA2A12B366A39A35D9494DE00AD99259FF,
